experiment_id,dataset_name,seed,data_fraction,n_samples,n_features,model_family,params,train_time_s,roc_auc,emissions_kg
1,titanic,438878,0.8868783359291059,633,5,log_reg,"{'C': 12.468786659075638, 'max_iter': 593, 'solver': 'lbfgs', 'multi_class': 'auto'}",0.0400700569152832,0.7682051282051282,9.304568756894113e-07
2,titanic,94177,0.9804978813094047,700,5,log_reg,"{'C': 6.158459876169436, 'max_iter': 321, 'solver': 'lbfgs', 'multi_class': 'auto'}",0.01215815544128418,0.7636863242443458,2.2611451017883391e-07
3,titanic,786064,0.3024909061404367,215,5,log_reg,"{'C': 11.080485964481502, 'max_iter': 631, 'solver': 'lbfgs', 'multi_class': 'auto'}",0.0030014514923095703,0.753393665158371,1.0179969569235012e-07
4,titanic,370798,0.9414119910788814,672,5,log_reg,"{'C': 0.6332041485861786, 'max_iter': 500, 'solver': 'lbfgs', 'multi_class': 'auto'}",0.014521121978759766,0.7063636363636363,3.3327974054066387e-07
5,titanic,822761,0.554731359061865,396,5,log_reg,"{'C': 3.7623611419432557, 'max_iter': 441, 'solver': 'lbfgs', 'multi_class': 'auto'}",0.017714500427246094,0.7633784655061251,2.0932012314357195e-07
6,titanic,554584,0.2510538048833403,179,5,log_reg,"{'C': 0.08108768226750883, 'max_iter': 255, 'solver': 'lbfgs', 'multi_class': 'auto'}",0.017658472061157227,0.7396825396825397,2.949114210235376e-07
7,titanic,631664,0.8064701920682991,575,5,log_reg,"{'C': 20.442061379532987, 'max_iter': 366, 'solver': 'lbfgs', 'multi_class': 'auto'}",0.0037653446197509766,0.6727158948685859,1.2629158315651255e-07
8,titanic,970698,0.9144968970577583,652,5,log_reg,"{'C': 0.2618809287856801, 'max_iter': 240, 'solver': 'lbfgs', 'multi_class': 'auto'}",0.004447460174560547,0.8034591194968552,1.4254153430855466e-07
9,titanic,194638,0.5733768029816273,409,5,log_reg,"{'C': 12.98775203222132, 'max_iter': 656, 'solver': 'lbfgs', 'multi_class': 'auto'}",0.0,0.7854050711193569,1.0472812996514649e-07
10,titanic,154289,0.7464391625939637,532,5,log_reg,"{'C': 0.014969767772748319, 'max_iter': 528, 'solver': 'lbfgs', 'multi_class': 'auto'}",0.0,0.7207485465116279,1.0857285381772692e-07
11,titanic,967509,0.4606602865105216,328,5,log_reg,"{'C': 9.529028451003093, 'max_iter': 420, 'solver': 'lbfgs', 'multi_class': 'auto'}",0.0,0.8304843304843305,1.3349307965352783e-07
12,titanic,469555,0.3515770872674286,251,5,log_reg,"{'C': 0.3032765451962616, 'max_iter': 245, 'solver': 'lbfgs', 'multi_class': 'auto'}",0.00479435920715332,0.7515873015873016,1.526256836766645e-07
13,titanic,475704,0.3815274792407073,272,5,log_reg,"{'C': 0.03308918125895611, 'max_iter': 612, 'solver': 'lbfgs', 'multi_class': 'auto'}",0.0030167102813720703,0.6818181818181819,1.1522186374126643e-07
14,titanic,437151,0.86614255684627,618,5,log_reg,"{'C': 4.778108184926549, 'max_iter': 765, 'solver': 'lbfgs', 'multi_class': 'auto'}",0.0,0.7478378378378379,1.1504112088499629e-07
15,titanic,312366,0.8658078411161609,618,5,log_reg,"{'C': 6.3249982255572945, 'max_iter': 258, 'solver': 'lbfgs', 'multi_class': 'auto'}",0.005737781524658203,0.8,2.1892923037155667e-07
16,titanic,387478,0.4306624831441953,307,5,log_reg,"{'C': 16.559889327158462, 'max_iter': 705, 'solver': 'lbfgs', 'multi_class': 'auto'}",0.0,0.7232432432432432,1.0817077020317976e-07
17,titanic,139752,0.35992656198008666,256,5,log_reg,"{'C': 5.370095583865395, 'max_iter': 582, 'solver': 'lbfgs', 'multi_class': 'auto'}",0.006632804870605469,0.7488479262672811,1.792494500704153e-07
18,titanic,786924,0.7318806852736257,522,5,log_reg,"{'C': 0.0107016089926853, 'max_iter': 678, 'solver': 'lbfgs', 'multi_class': 'auto'}",0.008146286010742188,0.7389347336834209,2.705534634597885e-07
19,titanic,780729,0.5671326204306719,404,5,log_reg,"{'C': 6.617005787654161, 'max_iter': 366, 'solver': 'lbfgs', 'multi_class': 'auto'}",0.009876012802124023,0.7844065656565657,2.9740070347931854e-07
20,titanic,139796,0.2916240588287788,208,5,log_reg,"{'C': 1.8834963538355245, 'max_iter': 222, 'solver': 'lbfgs', 'multi_class': 'auto'}",0.012003898620605469,0.7470588235294118,3.288393937828355e-07
21,titanic,471096,0.6521888851849511,465,5,log_reg,"{'C': 4.716413210743393, 'max_iter': 593, 'solver': 'lbfgs', 'multi_class': 'auto'}",0.006350994110107422,0.7205741626794259,2.2845923617667594e-07
22,titanic,634718,0.6428635205263966,459,5,log_reg,"{'C': 11.481415388655805, 'max_iter': 545, 'solver': 'lbfgs', 'multi_class': 'auto'}",0.008524179458618164,0.8113022113022113,1.7850471041676377e-07
23,titanic,303950,0.22465426765435154,160,5,log_reg,"{'C': 1.7251570726102325, 'max_iter': 677, 'solver': 'lbfgs', 'multi_class': 'auto'}",0.01017141342163086,0.7935222672064777,3.3030680970676494e-07
24,titanic,214584,0.526822914979709,376,5,log_reg,"{'C': 0.5583024799007441, 'max_iter': 790, 'solver': 'lbfgs', 'multi_class': 'auto'}",0.011137247085571289,0.7784946236559139,3.369936972448913e-07
25,titanic,233939,0.24664219335125281,176,5,log_reg,"{'C': 25.918644984946223, 'max_iter': 220, 'solver': 'lbfgs', 'multi_class': 'auto'}",0.016676902770996094,0.834920634920635,3.730005954994085e-07
26,titanic,293593,0.7295332117815161,520,5,log_reg,"{'C': 0.1335166933319519, 'max_iter': 751, 'solver': 'lbfgs', 'multi_class': 'auto'}",0.019098997116088867,0.7484639016897082,4.1443286061928727e-07
27,titanic,783898,0.73145083226191,522,5,log_reg,"{'C': 1.6909416028190511, 'max_iter': 503, 'solver': 'lbfgs', 'multi_class': 'auto'}",0.0,0.7756939234808702,1.1734815401559365e-07
28,titanic,814020,0.33357833592616315,238,5,log_reg,"{'C': 0.42222840409817153, 'max_iter': 451, 'solver': 'lbfgs', 'multi_class': 'auto'}",0.0,0.8196428571428571,1.2690331172329046e-07
29,titanic,90047,0.7778874804771603,555,5,log_reg,"{'C': 0.012326741610799746, 'max_iter': 263, 'solver': 'lbfgs', 'multi_class': 'auto'}",0.018712997436523438,0.6936026936026936,1.6068838398671983e-07
30,titanic,161271,0.6008358200826909,428,5,log_reg,"{'C': 0.7038966867933313, 'max_iter': 630, 'solver': 'lbfgs', 'multi_class': 'auto'}",0.004027843475341797,0.7773109243697479,1.2843949497032078e-07
31,titanic,696320,0.5569250204592247,397,5,log_reg,"{'C': 0.040667587601763026, 'max_iter': 498, 'solver': 'lbfgs', 'multi_class': 'auto'}",0.006934404373168945,0.8268229166666666,2.046941065269864e-07
32,titanic,301512,0.7042260744951108,502,5,log_reg,"{'C': 0.33426038140075975, 'max_iter': 343, 'solver': 'lbfgs', 'multi_class': 'auto'}",0.013875007629394531,0.8176829268292684,2.9429108626157705e-07
33,titanic,87649,0.2944047216964123,210,5,log_reg,"{'C': 0.2800595858297671, 'max_iter': 776, 'solver': 'lbfgs', 'multi_class': 'auto'}",0.0,0.8305882352941176,1.538645879441195e-07
34,titanic,908580,0.7597657070485997,542,5,log_reg,"{'C': 70.40291774325837, 'max_iter': 420, 'solver': 'lbfgs', 'multi_class': 'auto'}",0.004008769989013672,0.7164335664335665,1.083259545029498e-07
35,titanic,969176,0.8230007231726357,587,5,log_reg,"{'C': 0.11573903202120567, 'max_iter': 659, 'solver': 'lbfgs', 'multi_class': 'auto'}",0.0,0.759375,1.2374393952693228e-07
36,titanic,449361,0.4177932494761272,298,5,log_reg,"{'C': 7.3715829459772175, 'max_iter': 674, 'solver': 'lbfgs', 'multi_class': 'auto'}",0.0031325817108154297,0.7824074074074074,1.0774768866507861e-07
37,titanic,902602,0.564621031866889,403,5,log_reg,"{'C': 0.024297626318525122, 'max_iter': 468, 'solver': 'lbfgs', 'multi_class': 'auto'}",0.0,0.7916666666666666,1.2506179709402165e-07
38,titanic,305956,0.6633756551535168,473,5,log_reg,"{'C': 0.06448422121678764, 'max_iter': 633, 'solver': 'lbfgs', 'multi_class': 'auto'}",0.0020101070404052734,0.7360347985347986,1.2971671856782458e-07
39,titanic,856614,0.8068156238681681,576,5,log_reg,"{'C': 0.050943775956112325, 'max_iter': 478, 'solver': 'lbfgs', 'multi_class': 'auto'}",0.0,0.7684242984890535,1.376911978587194e-07
40,titanic,432093,0.7018470725619546,501,5,log_reg,"{'C': 7.54834642976399, 'max_iter': 598, 'solver': 'lbfgs', 'multi_class': 'auto'}",0.003151416778564453,0.8140243902439024,1.2342584726411965e-07
41,titanic,94694,0.2675554569119113,191,5,random_forest,"{'n_estimators': 87, 'max_depth': 13, 'n_jobs': -1}",0.1799449920654297,0.6317934782608696,4.09029037342486e-06
42,titanic,415807,0.233291339089514,166,5,random_forest,"{'n_estimators': 332, 'max_depth': 16, 'n_jobs': -1}",0.8933207988739014,0.8767857142857143,2.0126478858076086e-05
43,titanic,188225,0.31561935109283756,225,5,random_forest,"{'n_estimators': 106, 'max_depth': 11, 'n_jobs': -1}",0.22270607948303223,0.6131687242798354,5.067444327075754e-06
44,titanic,103402,0.6701156577421696,478,5,random_forest,"{'n_estimators': 178, 'max_depth': 15, 'n_jobs': -1}",0.4043691158294678,0.8169140800719747,9.14608300035111e-06
45,titanic,299992,0.664848911760316,474,5,random_forest,"{'n_estimators': 401, 'max_depth': 6, 'n_jobs': -1}",1.0701162815093994,0.7671703296703296,2.4050298445953797e-05
46,titanic,346869,0.6727323931851334,480,5,random_forest,"{'n_estimators': 464, 'max_depth': 11, 'n_jobs': -1}",1.441248893737793,0.7237966711650922,3.240822108399164e-05
47,titanic,151498,0.5858427495543201,418,5,random_forest,"{'n_estimators': 161, 'max_depth': 3, 'n_jobs': -1}",0.43847084045410156,0.716764705882353,9.923298857916819e-06
48,titanic,782735,0.2661839999379509,190,5,random_forest,"{'n_estimators': 481, 'max_depth': 11, 'n_jobs': -1}",1.5280296802520752,0.7159420289855073,3.4058608350226624e-05
49,titanic,671124,0.9502611639799863,678,5,random_forest,"{'n_estimators': 152, 'max_depth': 11, 'n_jobs': -1}",0.4358530044555664,0.7368125701459034,9.846408504149334e-06
50,titanic,571728,0.5787915208455631,413,5,random_forest,"{'n_estimators': 256, 'max_depth': 5, 'n_jobs': -1}",0.8585872650146484,0.7554021608643458,1.929786363661706e-05
51,titanic,953772,0.6165379219772302,440,5,random_forest,"{'n_estimators': 408, 'max_depth': 7, 'n_jobs': -1}",1.161827802658081,0.858974358974359,2.6138346955240474e-05
52,titanic,438911,0.21728966390426435,155,5,random_forest,"{'n_estimators': 179, 'max_depth': 18, 'n_jobs': -1}",0.5948505401611328,0.6260683760683761,1.3353921245640434e-05
53,titanic,9916,0.31219927119888863,222,5,random_forest,"{'n_estimators': 194, 'max_depth': 17, 'n_jobs': -1}",0.5312678813934326,0.6995884773662551,1.1991620979443359e-05
54,titanic,554036,0.28686059290835486,204,5,random_forest,"{'n_estimators': 451, 'max_depth': 8, 'n_jobs': -1}",1.4137604236602783,0.8357843137254902,3.181752563833649e-05
55,titanic,118874,0.7275381077535215,519,5,random_forest,"{'n_estimators': 340, 'max_depth': 15, 'n_jobs': -1}",1.0740363597869873,0.7684331797235023,2.4182232727303506e-05
56,titanic,726994,0.8149179935341258,581,5,random_forest,"{'n_estimators': 155, 'max_depth': 16, 'n_jobs': -1}",0.3864297866821289,0.7534722222222222,8.430351242225247e-06
57,titanic,614642,0.38417119271590466,274,5,random_forest,"{'n_estimators': 174, 'max_depth': 4, 'n_jobs': -1}",0.5292148590087891,0.7472451790633609,1.1879229107018641e-05
58,titanic,37412,0.6438819755131867,459,5,random_forest,"{'n_estimators': 460, 'max_depth': 7, 'n_jobs': -1}",1.2974438667297363,0.7570024570024569,2.8899778703999522e-05
59,titanic,309955,0.8466011776514415,604,5,random_forest,"{'n_estimators': 283, 'max_depth': 9, 'n_jobs': -1}",0.8308975696563721,0.8239795918367347,1.8748685992945317e-05
60,titanic,317138,0.962319516055796,687,5,random_forest,"{'n_estimators': 419, 'max_depth': 20, 'n_jobs': -1}",1.1535580158233643,0.7386759581881532,2.569752045652483e-05
61,titanic,621859,0.4047720724540822,289,5,random_forest,"{'n_estimators': 325, 'max_depth': 8, 'n_jobs': -1}",0.3855628967285156,0.8062111801242237,8.570345023524205e-06
62,titanic,936043,0.3316862540656145,236,5,random_forest,"{'n_estimators': 267, 'max_depth': 20, 'n_jobs': -1}",0.38413119316101074,0.7571428571428571,8.61485259818835e-06
63,titanic,298797,0.9939004512446696,709,5,random_forest,"{'n_estimators': 276, 'max_depth': 3, 'n_jobs': -1}",0.3502383232116699,0.7721674876847291,7.6185486844529805e-06
64,titanic,891677,0.7988864155655595,570,5,random_forest,"{'n_estimators': 229, 'max_depth': 5, 'n_jobs': -1}",0.2755467891693115,0.719309462915601,6.051518052617492e-06
65,titanic,223417,0.6150866883091592,439,5,random_forest,"{'n_estimators': 426, 'max_depth': 19, 'n_jobs': -1}",0.5002343654632568,0.7326388888888888,1.1256209830918075e-05
66,titanic,315929,0.8176099456887904,583,5,random_forest,"{'n_estimators': 449, 'max_depth': 11, 'n_jobs': -1}",0.4975104331970215,0.7356582125603865,1.1218372669620478e-05
67,titanic,410219,0.2755733344492122,196,5,random_forest,"{'n_estimators': 181, 'max_depth': 14, 'n_jobs': -1}",0.23050642013549805,0.8203125,5.227972781275391e-06
68,titanic,746789,0.40996841273829177,292,5,random_forest,"{'n_estimators': 199, 'max_depth': 16, 'n_jobs': -1}",0.2569878101348877,0.6398809523809524,5.790993944724514e-06
69,titanic,947731,0.2982063459291888,212,5,random_forest,"{'n_estimators': 22, 'max_depth': 19, 'n_jobs': -1}",0.04978466033935547,0.8054298642533937,1.1425633758634788e-06
70,titanic,831112,0.32262745329959525,230,5,random_forest,"{'n_estimators': 135, 'max_depth': 4, 'n_jobs': -1}",0.15937185287475586,0.7212475633528265,3.6482366273547557e-06
71,titanic,367208,0.8996496326699717,642,5,random_forest,"{'n_estimators': 379, 'max_depth': 6, 'n_jobs': -1}",0.5142793655395508,0.7794705294705294,1.1633064344420293e-05
72,titanic,196434,0.44825893832007585,320,5,random_forest,"{'n_estimators': 308, 'max_depth': 3, 'n_jobs': -1}",0.3889610767364502,0.86082995951417,8.464601793219346e-06
73,titanic,320417,0.6005929489618739,428,5,random_forest,"{'n_estimators': 500, 'max_depth': 16, 'n_jobs': -1}",0.7486634254455566,0.653781512605042,1.663721578416318e-05
74,titanic,143897,0.21114903016656125,150,5,random_forest,"{'n_estimators': 487, 'max_depth': 10, 'n_jobs': -1}",1.152519941329956,0.638888888888889,2.563154897640654e-05
75,titanic,279297,0.742126938890286,529,5,random_forest,"{'n_estimators': 103, 'max_depth': 7, 'n_jobs': -1}",0.2991945743560791,0.7284976005906239,6.764091027229814e-06
76,titanic,121832,0.6050639452965064,432,5,random_forest,"{'n_estimators': 83, 'max_depth': 20, 'n_jobs': -1}",0.17192625999450684,0.7324175824175824,3.921348949898519e-06
77,titanic,766188,0.3598205213280461,256,5,random_forest,"{'n_estimators': 466, 'max_depth': 15, 'n_jobs': -1}",0.5945894718170166,0.8064516129032258,1.3406153163681069e-05
78,titanic,804124,0.7723257036926414,551,5,random_forest,"{'n_estimators': 299, 'max_depth': 18, 'n_jobs': -1}",0.4015939235687256,0.7877104377104378,9.048012117545129e-06
79,titanic,825953,0.2990030429202757,213,5,random_forest,"{'n_estimators': 60, 'max_depth': 16, 'n_jobs': -1}",0.1163332462310791,0.6733333333333333,2.4964410752902985e-06
80,titanic,927562,0.5180625550599525,369,5,random_forest,"{'n_estimators': 83, 'max_depth': 13, 'n_jobs': -1}",0.1501615047454834,0.7246212121212121,3.364349400135602e-06
81,titanic,662864,0.964498605637576,688,5,mlp,"{'hidden_layer_sizes': (67, 35, 103), 'max_iter': 126, 'activation': 'relu', 'solver': 'adam'}",0.42933058738708496,0.7153745644599303,9.46432845180263e-06
82,titanic,499164,0.6441584338614598,459,5,mlp,"{'hidden_layer_sizes': (64, 193), 'max_iter': 189, 'activation': 'relu', 'solver': 'adam'}",0.45436620712280273,0.7570024570024569,1.0133347652340182e-05
83,titanic,840793,0.3122716776511301,222,5,mlp,"{'hidden_layer_sizes': (38,), 'max_iter': 145, 'activation': 'relu', 'solver': 'adam'}",0.047745466232299805,0.8806584362139918,1.1094084587181807e-06
84,titanic,6511,0.6768340425874984,483,5,mlp,"{'hidden_layer_sizes': (153,), 'max_iter': 113, 'activation': 'relu', 'solver': 'adam'}",0.2721424102783203,0.8561007957559681,6.14160375480707e-06
85,titanic,432079,0.8278107594017501,591,5,mlp,"{'hidden_layer_sizes': (44, 188, 151), 'max_iter': 171, 'activation': 'relu', 'solver': 'adam'}",1.3003082275390625,0.7411971830985915,2.916582846034723e-05
86,titanic,109143,0.8635428919061892,616,5,mlp,"{'hidden_layer_sizes': (171, 13), 'max_iter': 150, 'activation': 'relu', 'solver': 'adam'}",0.47222447395324707,0.7510810810810811,1.0652866083246162e-05
87,titanic,232640,0.6246156724792429,445,5,mlp,"{'hidden_layer_sizes': (162,), 'max_iter': 119, 'activation': 'relu', 'solver': 'adam'}",0.17926907539367676,0.8532494758909853,4.0537221612870926e-06
88,titanic,603107,0.5300572554189442,378,5,mlp,"{'hidden_layer_sizes': (125, 188, 175), 'max_iter': 163, 'activation': 'relu', 'solver': 'adam'}",1.1498503684997559,0.7096774193548386,2.5729392853875123e-05
89,titanic,425882,0.7215448204639794,515,5,mlp,"{'hidden_layer_sizes': (81,), 'max_iter': 189, 'activation': 'relu', 'solver': 'adam'}",0.3359413146972656,0.8407494145199063,7.715323736943453e-06
90,titanic,247839,0.3893298903980649,277,5,mlp,"{'hidden_layer_sizes': (175, 62, 96), 'max_iter': 130, 'activation': 'relu', 'solver': 'adam'}",0.37902402877807617,0.7167325428194994,8.563853699256583e-06
91,titanic,105278,0.25324708556414255,180,5,mlp,"{'hidden_layer_sizes': (152, 170, 165), 'max_iter': 194, 'activation': 'relu', 'solver': 'adam'}",0.5959823131561279,0.6349206349206349,1.3391654447269033e-05
92,titanic,192301,0.44826773913925955,320,5,mlp,"{'hidden_layer_sizes': (123, 78), 'max_iter': 72, 'activation': 'relu', 'solver': 'adam'}",0.16842937469482422,0.7753036437246963,3.822636366731771e-06
93,titanic,598559,0.42777606587034844,305,5,mlp,"{'hidden_layer_sizes': (186, 37, 184), 'max_iter': 189, 'activation': 'relu', 'solver': 'adam'}",0.67531418800354,0.6333333333333333,1.4909275980304957e-05
94,titanic,455657,0.21691841306915205,154,5,mlp,"{'hidden_layer_sizes': (120,), 'max_iter': 73, 'activation': 'relu', 'solver': 'adam'}",0.07594585418701172,0.7222222222222222,1.4536561296097724e-06
95,titanic,194821,0.24270554610174033,173,5,mlp,"{'hidden_layer_sizes': (145,), 'max_iter': 58, 'activation': 'relu', 'solver': 'adam'}",0.05405092239379883,0.8095238095238094,1.2694390721080305e-06
96,titanic,515995,0.5149043654656227,367,5,mlp,"{'hidden_layer_sizes': (91,), 'max_iter': 139, 'activation': 'relu', 'solver': 'adam'}",0.14988446235656738,0.831060606060606,3.22243632660378e-06
97,titanic,736013,0.8809053014577648,628,5,mlp,"{'hidden_layer_sizes': (168, 70, 198), 'max_iter': 126, 'activation': 'relu', 'solver': 'adam'}",0.8523228168487549,0.7739869281045751,1.8934987822571698e-05
98,titanic,889116,0.3995100606657695,285,5,mlp,"{'hidden_layer_sizes': (112, 18, 104), 'max_iter': 77, 'activation': 'relu', 'solver': 'adam'}",0.1669907569885254,0.6751918158567775,3.8134922633196973e-06
99,titanic,948840,0.2394032959420752,170,5,mlp,"{'hidden_layer_sizes': (132,), 'max_iter': 136, 'activation': 'relu', 'solver': 'adam'}",0.09945225715637207,0.8071428571428572,2.1857787205623682e-06
100,titanic,523752,0.2813375223229728,200,5,mlp,"{'hidden_layer_sizes': (11, 81), 'max_iter': 189, 'activation': 'relu', 'solver': 'adam'}",0.17688751220703125,0.7161458333333333,3.819377006302822e-06
101,titanic,51961,0.9398734952144496,671,5,mlp,"{'hidden_layer_sizes': (169,), 'max_iter': 66, 'activation': 'relu', 'solver': 'adam'}",0.16565418243408203,0.7786363636363637,3.7491971841372003e-06
102,titanic,902653,0.9836565444692742,702,5,mlp,"{'hidden_layer_sizes': (28, 169, 171), 'max_iter': 170, 'activation': 'relu', 'solver': 'adam'}",1.1771221160888672,0.643796992481203,2.644651145774891e-05
103,titanic,779477,0.7139866207964383,509,5,mlp,"{'hidden_layer_sizes': (163,), 'max_iter': 137, 'activation': 'relu', 'solver': 'adam'}",0.2542893886566162,0.7804878048780488,5.6750609153435725e-06
104,titanic,826054,0.6113782961523315,436,5,mlp,"{'hidden_layer_sizes': (158, 151), 'max_iter': 70, 'activation': 'relu', 'solver': 'adam'}",0.3037705421447754,0.7598824786324786,6.8360890123331084e-06
105,titanic,462799,0.5080715968802828,362,5,mlp,"{'hidden_layer_sizes': (194, 173), 'max_iter': 175, 'activation': 'relu', 'solver': 'adam'}",0.7188186645507812,0.7426356589147287,1.6271383587923812e-05
106,titanic,139768,0.5823018192189966,415,5,mlp,"{'hidden_layer_sizes': (132, 57, 60), 'max_iter': 59, 'activation': 'relu', 'solver': 'adam'}",0.22530269622802734,0.813625450180072,4.82242855561043e-06
107,titanic,232569,0.49400944809210245,352,5,mlp,"{'hidden_layer_sizes': (89,), 'max_iter': 141, 'activation': 'relu', 'solver': 'adam'}",0.1516399383544922,0.6613300492610837,3.368548254012373e-06
108,titanic,433896,0.7485946763647564,534,5,mlp,"{'hidden_layer_sizes': (79, 150), 'max_iter': 99, 'activation': 'relu', 'solver': 'adam'}",0.452373743057251,0.7492732558139535,1.0185377352588538e-05
109,titanic,948857,0.9330784156305423,666,5,mlp,"{'hidden_layer_sizes': (54, 66), 'max_iter': 169, 'activation': 'relu', 'solver': 'adam'}",0.3255338668823242,0.7880322209436135,7.397563256212369e-06
110,titanic,535434,0.8788483910188998,627,5,mlp,"{'hidden_layer_sizes': (101, 157, 72), 'max_iter': 119, 'activation': 'relu', 'solver': 'adam'}",0.7677783966064453,0.8232679738562091,1.7053123417143924e-05
111,titanic,553037,0.7063341034140966,504,5,mlp,"{'hidden_layer_sizes': (134, 48), 'max_iter': 171, 'activation': 'relu', 'solver': 'adam'}",0.19773364067077637,0.7502032520325204,4.479662569597637e-06
112,titanic,734893,0.3619236745005747,258,5,mlp,"{'hidden_layer_sizes': (23, 65), 'max_iter': 76, 'activation': 'relu', 'solver': 'adam'}",0.09047651290893555,0.7572964669738864,2.093812634580896e-06
113,titanic,918940,0.6915037924335359,493,5,mlp,"{'hidden_layer_sizes': (142, 106), 'max_iter': 179, 'activation': 'relu', 'solver': 'adam'}",0.5936293601989746,0.7298728813559323,1.3351017522860465e-05
114,titanic,621871,0.26759457505881623,191,5,mlp,"{'hidden_layer_sizes': (131,), 'max_iter': 64, 'activation': 'relu', 'solver': 'adam'}",0.05050826072692871,0.7635869565217391,1.1228801980258161e-06
115,titanic,959938,0.8407073408680774,600,5,mlp,"{'hidden_layer_sizes': (109, 188, 148), 'max_iter': 70, 'activation': 'relu', 'solver': 'adam'}",0.4275202751159668,0.7082494969818913,9.584149671948155e-06
116,titanic,996659,0.9568216502538642,683,5,mlp,"{'hidden_layer_sizes': (87, 123, 95), 'max_iter': 168, 'activation': 'relu', 'solver': 'adam'}",0.7261133193969727,0.7872574955908289,1.6278916085516204e-05
117,titanic,50146,0.692932560019297,494,5,mlp,"{'hidden_layer_sizes': (27, 58, 147), 'max_iter': 139, 'activation': 'relu', 'solver': 'adam'}",0.31583070755004883,0.7483050847457627,7.03141921930253e-06
118,titanic,129340,0.6579444112270798,469,5,mlp,"{'hidden_layer_sizes': (42,), 'max_iter': 75, 'activation': 'relu', 'solver': 'adam'}",0.057935237884521484,0.7922932330827067,1.317605257530774e-06
119,titanic,522631,0.8111387120052704,579,5,mlp,"{'hidden_layer_sizes': (100, 99), 'max_iter': 152, 'activation': 'relu', 'solver': 'adam'}",0.39843130111694336,0.7830712303422757,8.69096621811237e-06
120,titanic,599593,0.9449889885520815,674,5,mlp,"{'hidden_layer_sizes': (162, 108, 104), 'max_iter': 85, 'activation': 'relu', 'solver': 'adam'}",0.4237253665924072,0.6854545454545454,9.666890201873848e-06
121,penguins_adelie,117103,0.2701672095286147,92,4,log_reg,"{'C': 0.030125506262009542, 'max_iter': 672, 'solver': 'lbfgs', 'multi_class': 'auto'}",0.015717744827270508,0.9886363636363636,1.2439851128275837e-07
122,penguins_adelie,418608,0.8194571329134746,280,4,log_reg,"{'C': 4.280092354270806, 'max_iter': 638, 'solver': 'lbfgs', 'multi_class': 'auto'}",0.004025697708129883,1.0,1.2301012096486132e-07
123,penguins_adelie,333637,0.9186932378892287,314,4,log_reg,"{'C': 4.840894893296339, 'max_iter': 639, 'solver': 'lbfgs', 'multi_class': 'auto'}",0.0,1.0,1.5324844558332115e-07
124,penguins_adelie,270534,0.49135361421764323,168,4,log_reg,"{'C': 11.22350716841756, 'max_iter': 581, 'solver': 'lbfgs', 'multi_class': 'auto'}",0.0,1.0,1.305342704218506e-07
125,penguins_adelie,157611,0.31822669803375336,108,4,log_reg,"{'C': 0.18103390555527235, 'max_iter': 388, 'solver': 'lbfgs', 'multi_class': 'auto'}",0.0,1.0,9.364969544561366e-08
126,penguins_adelie,437904,0.5066558582219278,173,4,log_reg,"{'C': 55.52772153998864, 'max_iter': 533, 'solver': 'lbfgs', 'multi_class': 'auto'}",0.0030205249786376953,1.0,1.1226158290956927e-07
127,penguins_adelie,552993,0.9489119894707698,324,4,log_reg,"{'C': 8.293595210202298, 'max_iter': 305, 'solver': 'lbfgs', 'multi_class': 'auto'}",0.0057408809661865234,1.0,1.5303681226935878e-07
128,penguins_adelie,479369,0.5010875787846609,171,4,log_reg,"{'C': 13.219224421947319, 'max_iter': 568, 'solver': 'lbfgs', 'multi_class': 'auto'}",0.003000497817993164,1.0,1.0455433836943295e-07
129,penguins_adelie,717760,0.9609557280030729,328,4,log_reg,"{'C': 88.4150465051249, 'max_iter': 202, 'solver': 'lbfgs', 'multi_class': 'auto'}",0.009924650192260742,1.0,2.993058380851924e-07
130,penguins_adelie,850533,0.7096591071929661,242,4,log_reg,"{'C': 0.029779287929838378, 'max_iter': 362, 'solver': 'lbfgs', 'multi_class': 'auto'}",0.006911516189575195,0.9814814814814814,2.473087553643131e-07
131,penguins_adelie,588257,0.748877092084359,256,4,log_reg,"{'C': 0.03073878613433831, 'max_iter': 487, 'solver': 'lbfgs', 'multi_class': 'auto'}",0.01042795181274414,0.9895052473763118,2.2876011709797277e-07
132,penguins_adelie,454317,0.8603196089570571,294,4,log_reg,"{'C': 0.011199812280798381, 'max_iter': 257, 'solver': 'lbfgs', 'multi_class': 'auto'}",0.0,0.993006993006993,1.0402663559518134e-07
133,penguins_adelie,458548,0.5538513016543145,189,4,log_reg,"{'C': 0.15185744946638102, 'max_iter': 781, 'solver': 'lbfgs', 'multi_class': 'auto'}",0.007960796356201172,0.9971988795518207,2.7656941477160105e-07
134,penguins_adelie,918441,0.8250352283452127,282,4,log_reg,"{'C': 0.1613279316213712, 'max_iter': 509, 'solver': 'lbfgs', 'multi_class': 'auto'}",0.004912376403808594,0.9987499999999999,1.2651685840600791e-07
135,penguins_adelie,997034,0.9033600194461961,308,4,log_reg,"{'C': 0.027691956707702386, 'max_iter': 434, 'solver': 'lbfgs', 'multi_class': 'auto'}",0.006825923919677734,1.0,1.6288561034798817e-07
136,penguins_adelie,836896,0.2851356254971063,97,4,log_reg,"{'C': 0.13665758808779782, 'max_iter': 667, 'solver': 'lbfgs', 'multi_class': 'auto'}",0.0028378963470458984,1.0,1.0436281965512609e-07
137,penguins_adelie,665684,0.7201000124470376,246,4,log_reg,"{'C': 99.17881657842521, 'max_iter': 214, 'solver': 'lbfgs', 'multi_class': 'auto'}",0.0,1.0,1.4976303671017232e-07
138,penguins_adelie,897033,0.22319960256357554,76,4,log_reg,"{'C': 0.023001857464787556, 'max_iter': 609, 'solver': 'lbfgs', 'multi_class': 'auto'}",0.0,0.9523809523809523,1.0397581477145354e-07
139,penguins_adelie,143021,0.8214143525537749,280,4,log_reg,"{'C': 0.09189930609452159, 'max_iter': 472, 'solver': 'lbfgs', 'multi_class': 'auto'}",0.0,0.9896774193548388,9.943790671167936e-08
140,penguins_adelie,910638,0.7250152314619922,247,4,log_reg,"{'C': 0.062060734159813134, 'max_iter': 208, 'solver': 'lbfgs', 'multi_class': 'auto'}",0.0,0.9983766233766234,9.31683636548958e-08
141,penguins_adelie,5429,0.24132633361151914,82,4,log_reg,"{'C': 0.013952461794521257, 'max_iter': 203, 'solver': 'lbfgs', 'multi_class': 'auto'}",0.004008054733276367,0.9428571428571428,1.1300805192334888e-07
142,penguins_adelie,801481,0.3908422565019108,133,4,log_reg,"{'C': 2.652776799080803, 'max_iter': 789, 'solver': 'lbfgs', 'multi_class': 'auto'}",0.005609273910522461,1.0,1.6529487363761854e-07
143,penguins_adelie,57231,0.840771082913341,287,4,log_reg,"{'C': 24.982469834800053, 'max_iter': 347, 'solver': 'lbfgs', 'multi_class': 'auto'}",0.0,1.0,1.3738564671040957e-07
144,penguins_adelie,772108,0.7584966271829099,259,4,log_reg,"{'C': 51.42587865113003, 'max_iter': 272, 'solver': 'lbfgs', 'multi_class': 'auto'}",0.0187833309173584,1.0,3.1657177161654083e-07
145,penguins_adelie,40151,0.3614256885752443,123,4,log_reg,"{'C': 22.486448813423763, 'max_iter': 468, 'solver': 'lbfgs', 'multi_class': 'auto'}",0.016103506088256836,1.0,1.3163031004696483e-07
146,penguins_adelie,504530,0.7961505026630757,272,4,log_reg,"{'C': 0.03160055551157642, 'max_iter': 619, 'solver': 'lbfgs', 'multi_class': 'auto'}",0.0,1.0,9.70893201129938e-08
147,penguins_adelie,851131,0.3241703939528727,110,4,log_reg,"{'C': 3.3116724740151513, 'max_iter': 251, 'solver': 'lbfgs', 'multi_class': 'auto'}",0.013915777206420898,1.0,2.457923197480547e-07
148,penguins_adelie,193041,0.4166070010542402,142,4,log_reg,"{'C': 8.679293359544591, 'max_iter': 231, 'solver': 'lbfgs', 'multi_class': 'auto'}",0.01565718650817871,1.0,1.1571543962944164e-07
149,penguins_adelie,980204,0.6892348847816556,235,4,log_reg,"{'C': 6.912239685605468, 'max_iter': 514, 'solver': 'lbfgs', 'multi_class': 'auto'}",0.005949735641479492,1.0,1.1028396916654001e-07
150,penguins_adelie,616308,0.23388044126413368,79,4,log_reg,"{'C': 0.01651966590869618, 'max_iter': 242, 'solver': 'lbfgs', 'multi_class': 'auto'}",0.014045238494873047,1.0,1.1127818085568996e-07
151,penguins_adelie,709578,0.3385022771380026,115,4,log_reg,"{'C': 34.40193298149837, 'max_iter': 475, 'solver': 'lbfgs', 'multi_class': 'auto'}",0.0,1.0,1.1082523977189888e-07
152,penguins_adelie,183533,0.984021743643354,336,4,log_reg,"{'C': 0.023274696326813445, 'max_iter': 662, 'solver': 'lbfgs', 'multi_class': 'auto'}",0.020377397537231445,0.993859649122807,2.778214484296804e-07
153,penguins_adelie,784080,0.7091266736862216,242,4,log_reg,"{'C': 0.6827199124678738, 'max_iter': 526, 'solver': 'lbfgs', 'multi_class': 'auto'}",0.0038547515869140625,1.0,1.2135721845256554e-07
154,penguins_adelie,145130,0.9568195628464762,327,4,log_reg,"{'C': 1.9482855067598936, 'max_iter': 468, 'solver': 'lbfgs', 'multi_class': 'auto'}",0.007029533386230469,0.9990680335507922,2.485874493417466e-07
155,penguins_adelie,578017,0.7598207556712528,259,4,log_reg,"{'C': 0.16046138264427448, 'max_iter': 451, 'solver': 'lbfgs', 'multi_class': 'auto'}",0.0,0.9925037481259371,1.2190525674841892e-07
156,penguins_adelie,940594,0.3187511919360464,109,4,log_reg,"{'C': 3.953052853065067, 'max_iter': 466, 'solver': 'lbfgs', 'multi_class': 'auto'}",0.0,1.0,1.1841583985756348e-07
157,penguins_adelie,404034,0.5793349835860946,198,4,log_reg,"{'C': 1.0799681653073618, 'max_iter': 615, 'solver': 'lbfgs', 'multi_class': 'auto'}",0.004709482192993164,1.0,1.2606494598668456e-07
158,penguins_adelie,134094,0.42246043662500593,144,4,log_reg,"{'C': 0.029982656192937013, 'max_iter': 785, 'solver': 'lbfgs', 'multi_class': 'auto'}",0.0036728382110595703,0.9759615384615384,1.208368722014622e-07
159,penguins_adelie,427903,0.6887900376293026,235,4,log_reg,"{'C': 0.1655077806229325, 'max_iter': 569, 'solver': 'lbfgs', 'multi_class': 'auto'}",0.009174346923828125,0.9981684981684981,2.0343155697570296e-07
160,penguins_adelie,411810,0.5270264875429578,180,4,log_reg,"{'C': 3.455544337292276, 'max_iter': 783, 'solver': 'lbfgs', 'multi_class': 'auto'}",0.01452493667602539,1.0,2.9002659041907117e-07
161,penguins_adelie,949142,0.4536327290537903,155,4,random_forest,"{'n_estimators': 424, 'max_depth': 6, 'n_jobs': -1}",0.473649263381958,0.9915966386554621,1.0490237887785076e-05
162,penguins_adelie,36059,0.5347200353254884,182,4,random_forest,"{'n_estimators': 302, 'max_depth': 19, 'n_jobs': -1}",0.35396289825439453,0.9970238095238095,7.821503286037293e-06
163,penguins_adelie,147924,0.6579663464976926,225,4,random_forest,"{'n_estimators': 249, 'max_depth': 11, 'n_jobs': -1}",0.2941722869873047,1.0,6.647071224637574e-06
164,penguins_adelie,565771,0.7616017448882972,260,4,random_forest,"{'n_estimators': 128, 'max_depth': 9, 'n_jobs': -1}",0.16068243980407715,0.9955022488755623,3.644444268960094e-06
165,penguins_adelie,587150,0.4529713214592345,154,4,random_forest,"{'n_estimators': 283, 'max_depth': 14, 'n_jobs': -1}",0.30079054832458496,1.0,6.758250780251261e-06
166,penguins_adelie,787432,0.6393155068797436,218,4,random_forest,"{'n_estimators': 333, 'max_depth': 7, 'n_jobs': -1}",0.3732912540435791,1.0,8.098688476928582e-06
167,penguins_adelie,529663,0.48852586756020344,167,4,random_forest,"{'n_estimators': 114, 'max_depth': 10, 'n_jobs': -1}",0.14516949653625488,1.0,3.3511868179421557e-06
168,penguins_adelie,512739,0.7893645507857763,269,4,random_forest,"{'n_estimators': 321, 'max_depth': 20, 'n_jobs': -1}",0.35757970809936523,1.0,8.05611387387034e-06
169,penguins_adelie,128267,0.6029063401464794,206,4,random_forest,"{'n_estimators': 288, 'max_depth': 18, 'n_jobs': -1}",0.3744051456451416,0.9931350114416476,8.401813185326294e-06
170,penguins_adelie,520275,0.8398963286110692,287,4,random_forest,"{'n_estimators': 463, 'max_depth': 16, 'n_jobs': -1}",0.5406413078308105,0.998798076923077,1.2177743097789027e-05
171,penguins_adelie,519291,0.5953133172139388,203,4,random_forest,"{'n_estimators': 138, 'max_depth': 8, 'n_jobs': -1}",0.16847705841064453,0.9420289855072463,3.827391312313099e-06
172,penguins_adelie,115856,0.25764731765835497,88,4,random_forest,"{'n_estimators': 422, 'max_depth': 3, 'n_jobs': -1}",0.44162511825561523,1.0,9.992977123969572e-06
173,penguins_adelie,821886,0.42448914890692474,145,4,random_forest,"{'n_estimators': 437, 'max_depth': 18, 'n_jobs': -1}",0.46292757987976074,1.0,1.0391154664333574e-05
174,penguins_adelie,334130,0.33839555615327505,115,4,random_forest,"{'n_estimators': 46, 'max_depth': 13, 'n_jobs': -1}",0.0672907829284668,0.9846153846153847,1.5666129552755608e-06
175,penguins_adelie,66540,0.21174627484805664,72,4,random_forest,"{'n_estimators': 371, 'max_depth': 8, 'n_jobs': -1}",0.3971571922302246,1.0,8.695214532433702e-06
176,penguins_adelie,827173,0.8852384188596465,302,4,random_forest,"{'n_estimators': 377, 'max_depth': 10, 'n_jobs': -1}",0.4180924892425537,0.9978213507625272,9.266683380585782e-06
177,penguins_adelie,709175,0.6806723263560648,232,4,random_forest,"{'n_estimators': 219, 'max_depth': 9, 'n_jobs': -1}",0.25659966468811035,1.0,5.6107637411377735e-06
178,penguins_adelie,119672,0.491935488862602,168,4,random_forest,"{'n_estimators': 93, 'max_depth': 15, 'n_jobs': -1}",0.12821412086486816,1.0,2.8059895188329656e-06
179,penguins_adelie,76610,0.8176839130836686,279,4,random_forest,"{'n_estimators': 261, 'max_depth': 20, 'n_jobs': -1}",0.2991907596588135,0.9987096774193549,6.7869956526490605e-06
180,penguins_adelie,310961,0.7501320393328741,256,4,random_forest,"{'n_estimators': 498, 'max_depth': 10, 'n_jobs': -1}",0.5724108219146729,1.0,1.274973405691355e-05
181,penguins_adelie,753077,0.7127109076689275,243,4,random_forest,"{'n_estimators': 89, 'max_depth': 15, 'n_jobs': -1}",0.11753439903259277,1.0,2.5834568741980896e-06
182,penguins_adelie,10727,0.3672461268817932,125,4,random_forest,"{'n_estimators': 206, 'max_depth': 9, 'n_jobs': -1}",0.23478913307189941,1.0,5.2663770287029655e-06
183,penguins_adelie,466726,0.3327254943012269,113,4,random_forest,"{'n_estimators': 383, 'max_depth': 12, 'n_jobs': -1}",0.41225671768188477,0.9923076923076923,9.348565575601403e-06
184,penguins_adelie,836304,0.9913064021468845,339,4,random_forest,"{'n_estimators': 98, 'max_depth': 10, 'n_jobs': -1}",0.14791512489318848,0.9925438596491227,3.098884125107719e-06
185,penguins_adelie,200480,0.9922573314610181,339,4,random_forest,"{'n_estimators': 480, 'max_depth': 13, 'n_jobs': -1}",0.544379472732544,1.0,1.2011533515508853e-05
186,penguins_adelie,141595,0.5585964906034808,191,4,random_forest,"{'n_estimators': 423, 'max_depth': 14, 'n_jobs': -1}",0.46961307525634766,1.0,1.0620504704610517e-05
187,penguins_adelie,328592,0.8042641382357956,275,4,random_forest,"{'n_estimators': 425, 'max_depth': 10, 'n_jobs': -1}",0.4714047908782959,1.0,1.0553689931517677e-05
188,penguins_adelie,433779,0.575461547352321,196,4,random_forest,"{'n_estimators': 58, 'max_depth': 3, 'n_jobs': -1}",0.08496713638305664,1.0,1.946617943155991e-06
189,penguins_adelie,306344,0.925682897724972,316,4,random_forest,"{'n_estimators': 462, 'max_depth': 5, 'n_jobs': -1}",0.5380711555480957,0.996031746031746,1.1962049728909203e-05
190,penguins_adelie,44649,0.386281827954965,132,4,random_forest,"{'n_estimators': 107, 'max_depth': 19, 'n_jobs': -1}",0.13385295867919922,1.0,2.7991449091432415e-06
191,penguins_adelie,194387,0.6691561384118367,228,4,random_forest,"{'n_estimators': 112, 'max_depth': 8, 'n_jobs': -1}",0.14966893196105957,1.0,3.121851632926936e-06
192,penguins_adelie,493289,0.2672922676455056,91,4,random_forest,"{'n_estimators': 255, 'max_depth': 16, 'n_jobs': -1}",0.2849433422088623,1.0,6.3695197321664925e-06
193,penguins_adelie,840579,0.7100709603827673,242,4,random_forest,"{'n_estimators': 149, 'max_depth': 7, 'n_jobs': -1}",0.17995166778564453,1.0,3.888169026512289e-06
194,penguins_adelie,649149,0.736162604281084,251,4,random_forest,"{'n_estimators': 425, 'max_depth': 13, 'n_jobs': -1}",0.46760082244873047,1.0,1.0458495852556e-05
195,penguins_adelie,613830,0.4932867079460899,168,4,random_forest,"{'n_estimators': 402, 'max_depth': 16, 'n_jobs': -1}",0.44113969802856445,1.0,9.884782450743858e-06
196,penguins_adelie,539527,0.4707651866378608,161,4,random_forest,"{'n_estimators': 47, 'max_depth': 16, 'n_jobs': -1}",0.08446574211120605,1.0,1.6739024079650589e-06
197,penguins_adelie,331107,0.8149020715675033,278,4,random_forest,"{'n_estimators': 468, 'max_depth': 18, 'n_jobs': -1}",0.555034875869751,0.9961290322580645,1.2283886828716322e-05
198,penguins_adelie,852015,0.6038331863227985,206,4,random_forest,"{'n_estimators': 252, 'max_depth': 15, 'n_jobs': -1}",0.29327988624572754,1.0,6.431754714499761e-06
199,penguins_adelie,304980,0.8802194390669775,301,4,random_forest,"{'n_estimators': 227, 'max_depth': 19, 'n_jobs': -1}",0.3249795436859131,0.9978213507625272,7.357365481159229e-06
200,penguins_adelie,340590,0.5990535668251882,204,4,random_forest,"{'n_estimators': 302, 'max_depth': 9, 'n_jobs': -1}",0.3387305736541748,1.0,7.5057408657702895e-06
201,penguins_adelie,398552,0.933870138041341,319,4,mlp,"{'hidden_layer_sizes': (111, 108, 30), 'max_iter': 53, 'activation': 'relu', 'solver': 'adam'}",0.10569643974304199,1.0,2.395694503021248e-06
202,penguins_adelie,8546,0.3532824077301599,120,4,mlp,"{'hidden_layer_sizes': (130, 84), 'max_iter': 76, 'activation': 'relu', 'solver': 'adam'}",0.057602643966674805,1.0,1.3758017543218643e-06
203,penguins_adelie,927460,0.5585658626054972,191,4,mlp,"{'hidden_layer_sizes': (59, 14), 'max_iter': 141, 'activation': 'relu', 'solver': 'adam'}",0.08079981803894043,1.0,1.7085062823538912e-06
204,penguins_adelie,566523,0.4224176852806511,144,4,mlp,"{'hidden_layer_sizes': (68, 37), 'max_iter': 140, 'activation': 'relu', 'solver': 'adam'}",0.06453895568847656,1.0,1.6935297276546668e-06
205,penguins_adelie,525826,0.9854447580340284,337,4,mlp,"{'hidden_layer_sizes': (42,), 'max_iter': 156, 'activation': 'relu', 'solver': 'adam'}",0.0827488899230957,0.9973684210526316,2.2154248046652815e-06
206,penguins_adelie,477505,0.8091460505472061,276,4,mlp,"{'hidden_layer_sizes': (163, 128), 'max_iter': 182, 'activation': 'relu', 'solver': 'adam'}",0.4218757152557373,1.0,9.226941931574743e-06
207,penguins_adelie,284730,0.8256041365905418,282,4,mlp,"{'hidden_layer_sizes': (182, 108), 'max_iter': 158, 'activation': 'relu', 'solver': 'adam'}",0.26264142990112305,1.0,5.975683250745119e-06
208,penguins_adelie,507116,0.5520709596218949,188,4,mlp,"{'hidden_layer_sizes': (98, 175, 24), 'max_iter': 67, 'activation': 'relu', 'solver': 'adam'}",0.0891261100769043,0.9971988795518207,1.9776678254537625e-06
209,penguins_adelie,416843,0.9876624651452997,337,4,mlp,"{'hidden_layer_sizes': (134, 115, 193), 'max_iter': 148, 'activation': 'relu', 'solver': 'adam'}",0.35678577423095703,1.0,7.980780885271601e-06
210,penguins_adelie,970354,0.47719428905043904,163,4,mlp,"{'hidden_layer_sizes': (39, 65, 166), 'max_iter': 160, 'activation': 'relu', 'solver': 'adam'}",0.1681051254272461,0.9925925925925926,3.871122298474345e-06
211,penguins_adelie,508179,0.5917597934535248,202,4,mlp,"{'hidden_layer_sizes': (10, 33, 66), 'max_iter': 56, 'activation': 'relu', 'solver': 'adam'}",0.03969073295593262,0.9927536231884058,9.308084678189639e-07
212,penguins_adelie,325260,0.5292608017552479,181,4,mlp,"{'hidden_layer_sizes': (177, 198, 174), 'max_iter': 120, 'activation': 'relu', 'solver': 'adam'}",0.19427895545959473,1.0,4.447911450219097e-06
213,penguins_adelie,221928,0.8416478295885794,287,4,mlp,"{'hidden_layer_sizes': (24, 161, 134), 'max_iter': 62, 'activation': 'relu', 'solver': 'adam'}",0.15034985542297363,0.998798076923077,3.4584403046415464e-06
214,penguins_adelie,822583,0.2295765817609394,78,4,mlp,"{'hidden_layer_sizes': (60, 186), 'max_iter': 117, 'activation': 'relu', 'solver': 'adam'}",0.0696568489074707,1.0,1.7018593312148333e-06
215,penguins_adelie,48698,0.2874258328916464,98,4,mlp,"{'hidden_layer_sizes': (81,), 'max_iter': 193, 'activation': 'relu', 'solver': 'adam'}",0.06839799880981445,1.0,1.495560494290484e-06
216,penguins_adelie,773720,0.8923652384445304,305,4,mlp,"{'hidden_layer_sizes': (138, 155, 146), 'max_iter': 149, 'activation': 'relu', 'solver': 'adam'}",0.3535909652709961,1.0,7.953267268460019e-06
217,penguins_adelie,48963,0.3876281203530389,132,4,mlp,"{'hidden_layer_sizes': (151, 85, 162), 'max_iter': 107, 'activation': 'relu', 'solver': 'adam'}",0.10395646095275879,1.0,2.187355979729902e-06
218,penguins_adelie,858125,0.20360009995172731,69,4,mlp,"{'hidden_layer_sizes': (128,), 'max_iter': 85, 'activation': 'relu', 'solver': 'adam'}",0.029916048049926758,1.0,6.255205850068367e-07
219,penguins_adelie,29607,0.5210844460427104,178,4,mlp,"{'hidden_layer_sizes': (108, 60, 139), 'max_iter': 130, 'activation': 'relu', 'solver': 'adam'}",0.11242794990539551,1.0,2.566502154617548e-06
220,penguins_adelie,237658,0.8822249037055301,301,4,mlp,"{'hidden_layer_sizes': (181, 126, 138), 'max_iter': 88, 'activation': 'relu', 'solver': 'adam'}",0.2639133930206299,1.0,5.996029348709467e-06
221,penguins_adelie,902533,0.6722562007065191,229,4,mlp,"{'hidden_layer_sizes': (76, 158), 'max_iter': 178, 'activation': 'relu', 'solver': 'adam'}",0.16678619384765625,1.0,3.7429374240847033e-06
222,penguins_adelie,114553,0.9092460497374955,310,4,mlp,"{'hidden_layer_sizes': (95,), 'max_iter': 109, 'activation': 'relu', 'solver': 'adam'}",0.06859612464904785,1.0,1.7400327869798358e-06
223,penguins_adelie,679322,0.4735415508365283,161,4,mlp,"{'hidden_layer_sizes': (175,), 'max_iter': 78, 'activation': 'relu', 'solver': 'adam'}",0.05878734588623047,1.0,1.269055228563682e-06
225,penguins_adelie,534168,0.6598975436984269,225,4,mlp,"{'hidden_layer_sizes': (131, 66, 158), 'max_iter': 111, 'activation': 'relu', 'solver': 'adam'}",0.1611487865447998,1.0,3.749791631539055e-06
226,penguins_adelie,855673,0.6761702723306975,231,4,mlp,"{'hidden_layer_sizes': (45,), 'max_iter': 200, 'activation': 'relu', 'solver': 'adam'}",0.09011292457580566,1.0,1.7979603945350486e-06
227,penguins_adelie,219491,0.3074935306504492,105,4,mlp,"{'hidden_layer_sizes': (21, 84, 104), 'max_iter': 188, 'activation': 'relu', 'solver': 'adam'}",0.11840081214904785,1.0,2.766527439439963e-06
228,penguins_adelie,67166,0.3615832301510253,123,4,mlp,"{'hidden_layer_sizes': (29, 79), 'max_iter': 62, 'activation': 'relu', 'solver': 'adam'}",0.04092979431152344,1.0,7.439587461577176e-07
229,penguins_adelie,963144,0.47463396990312623,162,4,mlp,"{'hidden_layer_sizes': (13, 67), 'max_iter': 118, 'activation': 'relu', 'solver': 'adam'}",0.05476880073547363,1.0,1.2083349182169922e-06
230,penguins_adelie,959209,0.8015704972599325,274,4,mlp,"{'hidden_layer_sizes': (95, 90), 'max_iter': 183, 'activation': 'relu', 'solver': 'adam'}",0.21282458305358887,1.0,4.914971769299669e-06
231,penguins_adelie,346707,0.3880776935045276,132,4,mlp,"{'hidden_layer_sizes': (113, 197), 'max_iter': 92, 'activation': 'relu', 'solver': 'adam'}",0.09732937812805176,1.0,2.2092941554993956e-06
232,penguins_adelie,306010,0.7938543595343814,271,4,mlp,"{'hidden_layer_sizes': (117, 72, 180), 'max_iter': 187, 'activation': 'relu', 'solver': 'adam'}",0.18073105812072754,1.0,3.969031891349533e-06
233,penguins_adelie,653439,0.43950663321186045,150,4,mlp,"{'hidden_layer_sizes': (51, 122), 'max_iter': 143, 'activation': 'relu', 'solver': 'adam'}",0.09854888916015625,1.0,2.1626320872555713e-06
234,penguins_adelie,155441,0.899451492232646,307,4,mlp,"{'hidden_layer_sizes': (56, 67, 71), 'max_iter': 76, 'activation': 'relu', 'solver': 'adam'}",0.10702323913574219,1.0,2.4039327243085505e-06
235,penguins_adelie,561489,0.8335795401130992,285,4,mlp,"{'hidden_layer_sizes': (64,), 'max_iter': 59, 'activation': 'relu', 'solver': 'adam'}",0.03321695327758789,0.9974999999999999,8.189909633436054e-07
236,penguins_adelie,860967,0.9957613991480199,340,4,mlp,"{'hidden_layer_sizes': (159, 131), 'max_iter': 116, 'activation': 'relu', 'solver': 'adam'}",0.24648427963256836,1.0,5.469830832460864e-06
237,penguins_adelie,814638,0.9220431753753855,315,4,mlp,"{'hidden_layer_sizes': (122, 138), 'max_iter': 88, 'activation': 'relu', 'solver': 'adam'}",0.17512965202331543,1.0,3.7200013947424385e-06
238,penguins_adelie,185179,0.6497365869900578,222,4,mlp,"{'hidden_layer_sizes': (160,), 'max_iter': 121, 'activation': 'relu', 'solver': 'adam'}",0.09342741966247559,0.998,1.8327349358257864e-06
239,penguins_adelie,652922,0.9642795425502488,329,4,mlp,"{'hidden_layer_sizes': (29,), 'max_iter': 114, 'activation': 'relu', 'solver': 'adam'}",0.06429934501647949,1.0,1.3177134822926227e-06
240,penguins_adelie,35842,0.9678196178633762,330,4,mlp,"{'hidden_layer_sizes': (107, 188, 92), 'max_iter': 71, 'activation': 'relu', 'solver': 'adam'}",0.23377656936645508,1.0,5.343124185728122e-06
241,tips_high_tip,41079,0.3968532892039508,96,2,log_reg,"{'C': 0.025823240294206712, 'max_iter': 376, 'solver': 'lbfgs', 'multi_class': 'auto'}",0.0,0.82,1.1228313244232347e-07
242,tips_high_tip,455117,0.6128702410056899,149,2,log_reg,"{'C': 0.018286127167931425, 'max_iter': 791, 'solver': 'lbfgs', 'multi_class': 'auto'}",0.0,0.9066666666666667,1.1020104522248829e-07
243,tips_high_tip,50960,0.28928029459938137,70,2,log_reg,"{'C': 0.17794254434344683, 'max_iter': 228, 'solver': 'lbfgs', 'multi_class': 'auto'}",0.0033333301544189453,0.8775510204081631,1.2654281982772947e-07
244,tips_high_tip,60528,0.7585517804879307,185,2,log_reg,"{'C': 0.3451576567706155, 'max_iter': 667, 'solver': 'lbfgs', 'multi_class': 'auto'}",0.0,0.7748538011695906,1.0235670618904056e-07
245,tips_high_tip,302071,0.515300621742478,125,2,log_reg,"{'C': 0.06731039917679611, 'max_iter': 787, 'solver': 'lbfgs', 'multi_class': 'auto'}",0.020898818969726562,0.7628205128205128,2.4822776664425325e-07
246,tips_high_tip,1660,0.28965629679895805,70,2,log_reg,"{'C': 0.46391512526411555, 'max_iter': 291, 'solver': 'lbfgs', 'multi_class': 'auto'}",0.0,0.8979591836734694,9.817918064481133e-08
247,tips_high_tip,1233,0.6065338846503001,147,2,log_reg,"{'C': 28.252589212855774, 'max_iter': 297, 'solver': 'lbfgs', 'multi_class': 'auto'}",0.005606412887573242,0.768888888888889,1.6835311850805243e-07
248,tips_high_tip,333094,0.5450616161171598,132,2,log_reg,"{'C': 0.9078373074143251, 'max_iter': 217, 'solver': 'lbfgs', 'multi_class': 'auto'}",0.0,0.6593406593406593,9.892678954391256e-08
249,tips_high_tip,841203,0.40827883473220006,99,2,log_reg,"{'C': 13.253315911252816, 'max_iter': 480, 'solver': 'lbfgs', 'multi_class': 'auto'}",0.007745981216430664,0.92,2.235894819699292e-07
250,tips_high_tip,242482,0.5838907204408521,142,2,log_reg,"{'C': 0.19496729392119308, 'max_iter': 559, 'solver': 'lbfgs', 'multi_class': 'auto'}",0.0,0.842857142857143,1.3008243272770058e-07
251,tips_high_tip,228252,0.4645885936438934,113,2,log_reg,"{'C': 5.4079595012963955, 'max_iter': 400, 'solver': 'lbfgs', 'multi_class': 'auto'}",0.0,0.7575757575757576,9.784924729959845e-08
252,tips_high_tip,48569,0.568615684191653,138,2,log_reg,"{'C': 52.666986591306404, 'max_iter': 490, 'solver': 'lbfgs', 'multi_class': 'auto'}",0.0,0.8724489795918368,1.075370122443132e-07
253,tips_high_tip,150454,0.2378992160043855,58,2,log_reg,"{'C': 7.018303846494079, 'max_iter': 315, 'solver': 'lbfgs', 'multi_class': 'auto'}",0.006994724273681641,1.0,2.389157539695781e-07
254,tips_high_tip,918823,0.20740782545689873,50,2,log_reg,"{'C': 0.035712601404483714, 'max_iter': 212, 'solver': 'lbfgs', 'multi_class': 'auto'}",0.0,0.76,9.941951973833959e-08
255,tips_high_tip,31283,0.2885035740497626,70,2,log_reg,"{'C': 0.05666147805923136, 'max_iter': 690, 'solver': 'lbfgs', 'multi_class': 'auto'}",0.01707315444946289,0.7755102040816326,2.4105509884514086e-07
256,tips_high_tip,241638,0.6553696403445415,159,2,log_reg,"{'C': 3.02410695163712, 'max_iter': 485, 'solver': 'lbfgs', 'multi_class': 'auto'}",0.012268543243408203,0.8203125,2.386080328373378e-07
257,tips_high_tip,849435,0.20379311432949915,50,2,log_reg,"{'C': 2.2949938763610813, 'max_iter': 613, 'solver': 'lbfgs', 'multi_class': 'auto'}",0.0,0.76,1.5553510581902753e-07
258,tips_high_tip,619119,0.3301947888839661,80,2,log_reg,"{'C': 25.910621925981122, 'max_iter': 520, 'solver': 'lbfgs', 'multi_class': 'auto'}",0.014657258987426758,0.6875,2.702629524275688e-07
259,tips_high_tip,855491,0.4034107870033259,98,2,log_reg,"{'C': 12.352348969702062, 'max_iter': 798, 'solver': 'lbfgs', 'multi_class': 'auto'}",0.0,0.8500000000000001,1.0437510226034249e-07
260,tips_high_tip,454457,0.6827395634666572,166,2,log_reg,"{'C': 47.33416535714311, 'max_iter': 534, 'solver': 'lbfgs', 'multi_class': 'auto'}",0.0,0.8477508650519031,9.321672227238809e-08
261,tips_high_tip,361536,0.8505274766560904,207,2,log_reg,"{'C': 86.81567264018271, 'max_iter': 247, 'solver': 'lbfgs', 'multi_class': 'auto'}",0.0,0.7981859410430838,1.0186680760991294e-07
262,tips_high_tip,799213,0.680587135090114,166,2,log_reg,"{'C': 0.18775714434013513, 'max_iter': 529, 'solver': 'lbfgs', 'multi_class': 'auto'}",0.017651796340942383,0.7508650519031141,1.7961178117703238e-07
263,tips_high_tip,414026,0.45410850749084936,110,2,log_reg,"{'C': 0.07335382771166361, 'max_iter': 509, 'solver': 'lbfgs', 'multi_class': 'auto'}",0.0,0.9421487603305785,1.3287212022679083e-07
264,tips_high_tip,29834,0.4771829243257448,116,2,log_reg,"{'C': 0.02053210952771743, 'max_iter': 717, 'solver': 'lbfgs', 'multi_class': 'auto'}",0.013277053833007812,0.6944444444444444,2.4376086873303574e-07
265,tips_high_tip,165487,0.7801466566806952,190,2,log_reg,"{'C': 0.01191616728075345, 'max_iter': 621, 'solver': 'lbfgs', 'multi_class': 'auto'}",0.008407831192016602,0.9307479224376731,2.1994399850425467e-07
266,tips_high_tip,738580,0.453722536903983,110,2,log_reg,"{'C': 6.797746152443895, 'max_iter': 381, 'solver': 'lbfgs', 'multi_class': 'auto'}",0.007353067398071289,0.743801652892562,2.282127411612614e-07
267,tips_high_tip,593830,0.30082107339730124,73,2,log_reg,"{'C': 36.31431266121352, 'max_iter': 288, 'solver': 'lbfgs', 'multi_class': 'auto'}",0.007021427154541016,0.8214285714285715,2.4282439081305696e-07
268,tips_high_tip,693095,0.3383551491536625,82,2,log_reg,"{'C': 0.03757289387376353, 'max_iter': 602, 'solver': 'lbfgs', 'multi_class': 'auto'}",0.01814723014831543,0.8611111111111112,2.059717709623434e-07
269,tips_high_tip,991774,0.2032060837866716,50,2,log_reg,"{'C': 1.069475417035252, 'max_iter': 272, 'solver': 'lbfgs', 'multi_class': 'auto'}",0.0,0.6399999999999999,1.1370969272554292e-07
270,tips_high_tip,993084,0.6677110673073324,162,2,log_reg,"{'C': 0.011649819796383413, 'max_iter': 532, 'solver': 'lbfgs', 'multi_class': 'auto'}",0.00927281379699707,0.7904411764705883,2.6255011638529425e-07
271,tips_high_tip,897302,0.9043042401021537,220,2,log_reg,"{'C': 0.03218399129330321, 'max_iter': 544, 'solver': 'lbfgs', 'multi_class': 'auto'}",0.02037525177001953,0.8987603305785125,2.468210617450349e-07
272,tips_high_tip,621792,0.4185497532007011,102,2,log_reg,"{'C': 1.3957307683076083, 'max_iter': 299, 'solver': 'lbfgs', 'multi_class': 'auto'}",0.0,0.8181818181818181,1.486118373423188e-07
273,tips_high_tip,594567,0.43580415456221044,106,2,log_reg,"{'C': 0.015924975962996347, 'max_iter': 468, 'solver': 'lbfgs', 'multi_class': 'auto'}",0.0,0.8842975206611571,1.0245257588943913e-07
274,tips_high_tip,836245,0.21452843513149125,52,2,log_reg,"{'C': 4.513195917716244, 'max_iter': 787, 'solver': 'lbfgs', 'multi_class': 'auto'}",0.005908489227294922,0.9,1.1636100093353267e-07
275,tips_high_tip,231280,0.8991107983230411,219,2,log_reg,"{'C': 2.414655056468064, 'max_iter': 293, 'solver': 'lbfgs', 'multi_class': 'auto'}",0.0020132064819335938,0.8264462809917356,1.0498966443309327e-07
276,tips_high_tip,610770,0.6428326720716893,156,2,log_reg,"{'C': 0.10343273920690305, 'max_iter': 572, 'solver': 'lbfgs', 'multi_class': 'auto'}",0.010228395462036133,0.69140625,1.1356995281982041e-07
277,tips_high_tip,677620,0.7806157077723472,190,2,log_reg,"{'C': 0.3842961204893508, 'max_iter': 651, 'solver': 'lbfgs', 'multi_class': 'auto'}",0.0,0.7617728531855956,1.1569491976719447e-07
278,tips_high_tip,758422,0.9867336607943502,240,2,log_reg,"{'C': 1.8524699905824784, 'max_iter': 360, 'solver': 'lbfgs', 'multi_class': 'auto'}",0.003701925277709961,0.8003472222222222,1.1428670869873391e-07
279,tips_high_tip,514583,0.2099759023529706,51,2,log_reg,"{'C': 0.4754332502610752, 'max_iter': 755, 'solver': 'lbfgs', 'multi_class': 'auto'}",0.0,0.9,1.0678447640694018e-07
280,tips_high_tip,520230,0.5263691442884522,128,2,log_reg,"{'C': 15.279678813267038, 'max_iter': 415, 'solver': 'lbfgs', 'multi_class': 'auto'}",0.010197162628173828,0.9230769230769231,1.2565212566401247e-07
281,tips_high_tip,772216,0.5160057920324452,125,2,random_forest,"{'n_estimators': 471, 'max_depth': 4, 'n_jobs': -1}",0.5312480926513672,0.7756410256410257,1.1905914764456968e-05
282,tips_high_tip,682581,0.3194993250945206,77,2,random_forest,"{'n_estimators': 447, 'max_depth': 5, 'n_jobs': -1}",0.4672815799713135,0.921875,1.0381214189683484e-05
283,tips_high_tip,265385,0.3596335943195923,87,2,random_forest,"{'n_estimators': 192, 'max_depth': 20, 'n_jobs': -1}",0.2294759750366211,0.7160493827160495,4.878003164035838e-06
284,tips_high_tip,858982,0.930066195313545,226,2,random_forest,"{'n_estimators': 105, 'max_depth': 19, 'n_jobs': -1}",0.1330406665802002,0.7750472589792061,2.8921510662371232e-06
285,tips_high_tip,342639,0.786795923650264,191,2,random_forest,"{'n_estimators': 137, 'max_depth': 6, 'n_jobs': -1}",0.16786670684814453,0.8710526315789473,3.5278204839722005e-06
286,tips_high_tip,878365,0.5032421560298441,122,2,random_forest,"{'n_estimators': 245, 'max_depth': 14, 'n_jobs': -1}",0.2626464366912842,0.7532051282051282,5.8635906791392715e-06
287,tips_high_tip,88772,0.7849087813222364,191,2,random_forest,"{'n_estimators': 218, 'max_depth': 12, 'n_jobs': -1}",0.2591276168823242,0.7355263157894737,5.801703246284411e-06
288,tips_high_tip,782960,0.6559470549132211,160,2,random_forest,"{'n_estimators': 376, 'max_depth': 12, 'n_jobs': -1}",0.42083024978637695,0.759765625,9.361662405849758e-06
289,tips_high_tip,778677,0.8924580314568227,217,2,random_forest,"{'n_estimators': 233, 'max_depth': 4, 'n_jobs': -1}",0.2863945960998535,0.8068181818181818,6.1240204263693745e-06
290,tips_high_tip,798097,0.2798899817285836,68,2,random_forest,"{'n_estimators': 454, 'max_depth': 18, 'n_jobs': -1}",0.5146491527557373,0.7346938775510203,1.1600171989551204e-05
291,tips_high_tip,431024,0.21851207566555716,53,2,random_forest,"{'n_estimators': 21, 'max_depth': 6, 'n_jobs': -1}",0.0522608757019043,0.5833333333333334,9.840430951773104e-07
292,tips_high_tip,979224,0.5017157442845446,122,2,random_forest,"{'n_estimators': 377, 'max_depth': 6, 'n_jobs': -1}",0.45625925064086914,0.8974358974358974,1.0258165713749096e-05
293,tips_high_tip,931268,0.5157039105200658,125,2,random_forest,"{'n_estimators': 407, 'max_depth': 15, 'n_jobs': -1}",0.4289565086364746,0.7884615384615384,9.652505593070494e-06
294,tips_high_tip,319132,0.6869929031185974,167,2,random_forest,"{'n_estimators': 446, 'max_depth': 14, 'n_jobs': -1}",0.5712261199951172,0.9394463667820069,1.2770304878475384e-05
295,tips_high_tip,384675,0.6814198046941669,166,2,random_forest,"{'n_estimators': 294, 'max_depth': 13, 'n_jobs': -1}",0.33405399322509766,0.8079584775086505,7.346051217824036e-06
296,tips_high_tip,935381,0.5741122053012773,140,2,random_forest,"{'n_estimators': 216, 'max_depth': 13, 'n_jobs': -1}",0.26818275451660156,0.6326530612244898,6.034306065395669e-06
297,tips_high_tip,338037,0.5152855860744949,125,2,random_forest,"{'n_estimators': 52, 'max_depth': 6, 'n_jobs': -1}",0.08631443977355957,0.6698717948717949,1.9650854948270922e-06
298,tips_high_tip,131108,0.33029720044364397,80,2,random_forest,"{'n_estimators': 201, 'max_depth': 16, 'n_jobs': -1}",0.2416396141052246,0.6953125,5.44648231217747e-06
299,tips_high_tip,46763,0.9639187134846461,235,2,random_forest,"{'n_estimators': 168, 'max_depth': 15, 'n_jobs': -1}",0.1991419792175293,0.6956521739130435,4.2950330577788785e-06
300,tips_high_tip,243596,0.27913960408385785,68,2,random_forest,"{'n_estimators': 183, 'max_depth': 16, 'n_jobs': -1}",0.35462474822998047,0.7551020408163266,7.881962394187268e-06
301,tips_high_tip,584210,0.4224906854971903,103,2,random_forest,"{'n_estimators': 247, 'max_depth': 16, 'n_jobs': -1}",0.36632728576660156,0.6318181818181818,8.028326330712603e-06
302,tips_high_tip,202088,0.3486129078968697,85,2,random_forest,"{'n_estimators': 443, 'max_depth': 11, 'n_jobs': -1}",0.5569078922271729,0.8124999999999999,1.2559422719850429e-05
303,tips_high_tip,57046,0.4075518718836274,99,2,random_forest,"{'n_estimators': 250, 'max_depth': 12, 'n_jobs': -1}",0.3865334987640381,0.51,8.720922229998375e-06
304,tips_high_tip,45173,0.5851930722610246,142,2,random_forest,"{'n_estimators': 245, 'max_depth': 5, 'n_jobs': -1}",0.35723066329956055,0.7642857142857143,8.051372609010572e-06
305,tips_high_tip,244747,0.5964052453028947,145,2,random_forest,"{'n_estimators': 63, 'max_depth': 20, 'n_jobs': -1}",0.09398746490478516,0.6738095238095239,2.173915793410342e-06
306,tips_high_tip,110692,0.40194903243966984,98,2,random_forest,"{'n_estimators': 333, 'max_depth': 18, 'n_jobs': -1}",0.5440235137939453,0.6950000000000001,1.2278991629014767e-05
307,tips_high_tip,312687,0.9013686378116954,219,2,random_forest,"{'n_estimators': 85, 'max_depth': 8, 'n_jobs': -1}",0.15110182762145996,0.6911157024793388,3.4134230494123313e-06
308,tips_high_tip,901641,0.9876548866006034,240,2,random_forest,"{'n_estimators': 387, 'max_depth': 16, 'n_jobs': -1}",0.6801307201385498,0.6744791666666667,1.528338721460069e-05
309,tips_high_tip,354842,0.2574577124023075,62,2,random_forest,"{'n_estimators': 315, 'max_depth': 20, 'n_jobs': -1}",0.5045511722564697,0.7380952380952381,1.1345164484364223e-05
310,tips_high_tip,137793,0.4435732211808263,108,2,random_forest,"{'n_estimators': 478, 'max_depth': 10, 'n_jobs': -1}",0.7387421131134033,0.8677685950413223,1.6378860586649714e-05
311,tips_high_tip,425161,0.8766375662417141,213,2,random_forest,"{'n_estimators': 126, 'max_depth': 12, 'n_jobs': -1}",0.213714599609375,0.604978354978355,4.6358751564208534e-06
312,tips_high_tip,616756,0.633891521841764,154,2,random_forest,"{'n_estimators': 66, 'max_depth': 16, 'n_jobs': -1}",0.13547039031982422,0.8375,2.8230715117586597e-06
313,tips_high_tip,81813,0.3282496199858065,80,2,random_forest,"{'n_estimators': 270, 'max_depth': 5, 'n_jobs': -1}",0.36778712272644043,0.953125,8.240739008369354e-06
314,tips_high_tip,851933,0.6673822880489746,162,2,random_forest,"{'n_estimators': 141, 'max_depth': 4, 'n_jobs': -1}",0.24168920516967773,0.7591911764705882,5.308757245449645e-06
315,tips_high_tip,739812,0.49700210967062175,121,2,random_forest,"{'n_estimators': 272, 'max_depth': 16, 'n_jobs': -1}",0.5223493576049805,0.6217948717948718,1.1643983512582138e-05
316,tips_high_tip,404854,0.8080119773952279,197,2,random_forest,"{'n_estimators': 162, 'max_depth': 18, 'n_jobs': -1}",0.24489140510559082,0.6375,5.401795946822778e-06
317,tips_high_tip,43162,0.9532310853904793,232,2,random_forest,"{'n_estimators': 34, 'max_depth': 16, 'n_jobs': -1}",0.09893488883972168,0.7789855072463769,2.0407728346288283e-06
318,tips_high_tip,120655,0.9168976659389043,223,2,random_forest,"{'n_estimators': 119, 'max_depth': 10, 'n_jobs': -1}",0.19908356666564941,0.6561264822134387,4.3344039758423676e-06
319,tips_high_tip,384897,0.8771828288543657,214,2,random_forest,"{'n_estimators': 369, 'max_depth': 4, 'n_jobs': -1}",0.5929722785949707,0.8062770562770563,1.3096154279447529e-05
320,tips_high_tip,179492,0.5308543450479759,129,2,random_forest,"{'n_estimators': 147, 'max_depth': 14, 'n_jobs': -1}",0.20291566848754883,0.8372781065088758,4.593178429718514e-06
321,tips_high_tip,245258,0.7681961610687893,187,2,mlp,"{'hidden_layer_sizes': (95,), 'max_iter': 77, 'activation': 'relu', 'solver': 'adam'}",0.05501127243041992,0.8864265927977839,9.406310081865994e-07
322,tips_high_tip,874575,0.4714577165892488,115,2,mlp,"{'hidden_layer_sizes': (172,), 'max_iter': 136, 'activation': 'relu', 'solver': 'adam'}",0.07539558410644531,0.8030303030303031,1.5087879101720168e-06
323,tips_high_tip,333088,0.3290032502815393,80,2,mlp,"{'hidden_layer_sizes': (111, 147), 'max_iter': 87, 'activation': 'relu', 'solver': 'adam'}",0.07224702835083008,1.0,1.4528648344821058e-06
324,tips_high_tip,74315,0.8218869706621539,200,2,mlp,"{'hidden_layer_sizes': (16,), 'max_iter': 191, 'activation': 'relu', 'solver': 'adam'}",0.05037951469421387,0.9000000000000001,1.0542202325451535e-06
325,tips_high_tip,451561,0.6292544108616714,153,2,mlp,"{'hidden_layer_sizes': (72, 108, 63), 'max_iter': 124, 'activation': 'relu', 'solver': 'adam'}",0.13271594047546387,0.8458333333333333,2.9506938595382033e-06
326,tips_high_tip,131754,0.30053108229482883,73,2,mlp,"{'hidden_layer_sizes': (167, 93), 'max_iter': 104, 'activation': 'relu', 'solver': 'adam'}",0.09694457054138184,0.7857142857142858,1.9621322371342477e-06
327,tips_high_tip,482030,0.9625644199241512,234,2,mlp,"{'hidden_layer_sizes': (191,), 'max_iter': 63, 'activation': 'relu', 'solver': 'adam'}",0.05816292762756348,0.8405797101449276,1.1463517623722279e-06
328,tips_high_tip,554416,0.3661738026812314,89,2,mlp,"{'hidden_layer_sizes': (41,), 'max_iter': 106, 'activation': 'relu', 'solver': 'adam'}",0.04116487503051758,0.8641975308641975,9.196548684226728e-07
329,tips_high_tip,30054,0.29516264859216906,72,2,mlp,"{'hidden_layer_sizes': (58,), 'max_iter': 182, 'activation': 'relu', 'solver': 'adam'}",0.08333468437194824,0.8035714285714286,1.6713878247556964e-06
330,tips_high_tip,321532,0.6865033695316733,167,2,mlp,"{'hidden_layer_sizes': (185,), 'max_iter': 50, 'activation': 'relu', 'solver': 'adam'}",0.04285287857055664,0.7058823529411764,8.215946489695688e-07
331,tips_high_tip,400451,0.6255088730768545,152,2,mlp,"{'hidden_layer_sizes': (98,), 'max_iter': 196, 'activation': 'relu', 'solver': 'adam'}",0.1009361743927002,0.8041666666666667,1.997420431710768e-06
332,tips_high_tip,142553,0.7932917061852123,193,2,mlp,"{'hidden_layer_sizes': (45, 170), 'max_iter': 199, 'activation': 'relu', 'solver': 'adam'}",0.10967326164245605,0.8157894736842105,2.5171222175362955e-06
333,tips_high_tip,828745,0.4731096539053821,115,2,mlp,"{'hidden_layer_sizes': (80, 99, 170), 'max_iter': 73, 'activation': 'relu', 'solver': 'adam'}",0.08252620697021484,0.8787878787878788,2.0643583247476735e-06
334,tips_high_tip,57098,0.6981669959905665,170,2,mlp,"{'hidden_layer_sizes': (116, 19, 187), 'max_iter': 101, 'activation': 'relu', 'solver': 'adam'}",0.11192107200622559,0.7785467128027681,2.552630575526861e-06
335,tips_high_tip,827330,0.9390266528745441,229,2,mlp,"{'hidden_layer_sizes': (20, 153, 131), 'max_iter': 169, 'activation': 'relu', 'solver': 'adam'}",0.25333619117736816,0.8922495274102079,5.473102291710917e-06
336,tips_high_tip,287201,0.20184701806939362,50,2,mlp,"{'hidden_layer_sizes': (111,), 'max_iter': 116, 'activation': 'relu', 'solver': 'adam'}",0.0409243106842041,0.68,9.539851450977164e-07
337,tips_high_tip,280896,0.2496504852321242,60,2,mlp,"{'hidden_layer_sizes': (115, 199), 'max_iter': 92, 'activation': 'relu', 'solver': 'adam'}",0.07277655601501465,0.9444444444444444,1.661672553326967e-06
338,tips_high_tip,434058,0.7058262504241681,172,2,mlp,"{'hidden_layer_sizes': (97, 162), 'max_iter': 69, 'activation': 'relu', 'solver': 'adam'}",0.08816194534301758,0.9542483660130718,1.8304732443292921e-06
339,tips_high_tip,153174,0.4553251956864561,111,2,mlp,"{'hidden_layer_sizes': (104,), 'max_iter': 109, 'activation': 'relu', 'solver': 'adam'}",0.061083316802978516,0.8939393939393939,1.1717955720433914e-06
340,tips_high_tip,302900,0.6797562853727923,165,2,mlp,"{'hidden_layer_sizes': (89, 148, 147), 'max_iter': 119, 'activation': 'relu', 'solver': 'adam'}",0.1963801383972168,0.7022058823529411,4.19181901056096e-06
341,tips_high_tip,950061,0.47417091420396473,115,2,mlp,"{'hidden_layer_sizes': (23, 100), 'max_iter': 142, 'activation': 'relu', 'solver': 'adam'}",0.06982254981994629,0.8484848484848485,1.6094137527179143e-06
342,tips_high_tip,986183,0.23220299195193903,56,2,mlp,"{'hidden_layer_sizes': (43, 27), 'max_iter': 152, 'activation': 'relu', 'solver': 'adam'}",0.06125640869140625,0.9166666666666667,1.2540514622569797e-06
343,tips_high_tip,746402,0.9934461731981026,242,2,mlp,"{'hidden_layer_sizes': (198, 95, 65), 'max_iter': 184, 'activation': 'relu', 'solver': 'adam'}",0.3004183769226074,0.825,6.757374428012369e-06
344,tips_high_tip,172287,0.9580284797327938,233,2,mlp,"{'hidden_layer_sizes': (96, 111, 153), 'max_iter': 149, 'activation': 'relu', 'solver': 'adam'}",0.23371648788452148,0.8333333333333333,5.576252869130349e-06
345,tips_high_tip,734722,0.5225121632952656,127,2,mlp,"{'hidden_layer_sizes': (146,), 'max_iter': 105, 'activation': 'relu', 'solver': 'adam'}",0.060854434967041016,0.7337278106508875,1.2187836403613e-06
346,tips_high_tip,589568,0.9256690615276069,225,2,mlp,"{'hidden_layer_sizes': (180, 117, 38), 'max_iter': 158, 'activation': 'relu', 'solver': 'adam'}",0.24426960945129395,0.7924901185770751,5.5115139673686965e-06
347,tips_high_tip,647071,0.4738899466400433,115,2,mlp,"{'hidden_layer_sizes': (73, 90), 'max_iter': 78, 'activation': 'relu', 'solver': 'adam'}",0.05690717697143555,0.7803030303030303,1.2807335512739607e-06
348,tips_high_tip,125807,0.27337894324720535,66,2,mlp,"{'hidden_layer_sizes': (87, 98, 94), 'max_iter': 89, 'activation': 'relu', 'solver': 'adam'}",0.07454800605773926,0.7755102040816327,1.7512956422212187e-06
349,tips_high_tip,655517,0.7303277713680763,178,2,mlp,"{'hidden_layer_sizes': (137,), 'max_iter': 69, 'activation': 'relu', 'solver': 'adam'}",0.04672694206237793,0.8271604938271605,1.0763573547454354e-06
350,tips_high_tip,326546,0.35824787780735756,87,2,mlp,"{'hidden_layer_sizes': (13,), 'max_iter': 183, 'activation': 'relu', 'solver': 'adam'}",0.0669560432434082,0.8271604938271605,1.261555422795837e-06
351,tips_high_tip,860630,0.3973443017809179,96,2,mlp,"{'hidden_layer_sizes': (158,), 'max_iter': 191, 'activation': 'relu', 'solver': 'adam'}",0.06638002395629883,0.65,1.4516149709149824e-06
352,tips_high_tip,275152,0.31092359698673566,75,2,mlp,"{'hidden_layer_sizes': (137, 42, 34), 'max_iter': 181, 'activation': 'relu', 'solver': 'adam'}",0.11668992042541504,0.9107142857142857,2.652551872621094e-06
353,tips_high_tip,674736,0.9282615281482021,226,2,mlp,"{'hidden_layer_sizes': (64,), 'max_iter': 92, 'activation': 'relu', 'solver': 'adam'}",0.06948995590209961,0.8752362948960303,1.6089285609471006e-06
354,tips_high_tip,701391,0.9623379747884526,234,2,mlp,"{'hidden_layer_sizes': (48, 193, 113), 'max_iter': 132, 'activation': 'relu', 'solver': 'adam'}",0.288280725479126,0.8134057971014493,6.45371366776318e-06
355,tips_high_tip,307712,0.45639292934241293,111,2,mlp,"{'hidden_layer_sizes': (126, 152), 'max_iter': 88, 'activation': 'relu', 'solver': 'adam'}",0.10620379447937012,0.8712121212121212,2.439112509054803e-06
356,tips_high_tip,399676,0.7483421766088114,182,2,mlp,"{'hidden_layer_sizes': (147, 196), 'max_iter': 128, 'activation': 'relu', 'solver': 'adam'}",0.285703182220459,0.7543859649122807,6.4879234377989295e-06
357,tips_high_tip,700801,0.6881819555465967,167,2,mlp,"{'hidden_layer_sizes': (14, 112), 'max_iter': 110, 'activation': 'relu', 'solver': 'adam'}",0.08019232749938965,0.7647058823529411,1.8391134751267157e-06
358,tips_high_tip,847311,0.45777253905835064,111,2,mlp,"{'hidden_layer_sizes': (79, 94, 43), 'max_iter': 191, 'activation': 'relu', 'solver': 'adam'}",0.16745400428771973,0.7575757575757576,4.050488983843964e-06
359,tips_high_tip,442770,0.4672890135670045,114,2,mlp,"{'hidden_layer_sizes': (173, 114, 144), 'max_iter': 123, 'activation': 'relu', 'solver': 'adam'}",0.21112394332885742,0.8333333333333334,4.902399844886515e-06
360,tips_high_tip,912671,0.9390995995988052,229,2,mlp,"{'hidden_layer_sizes': (164, 56), 'max_iter': 110, 'activation': 'relu', 'solver': 'adam'}",0.1280992031097412,0.8601134215500945,2.9475636853631915e-06
361,diamonds_expensive,978204,0.7959932206237508,6367,6,log_reg,"{'C': 23.620633605259677, 'max_iter': 762, 'solver': 'lbfgs', 'multi_class': 'auto'}",0.016566991806030273,0.9924735502219243,5.356685431259403e-07
362,diamonds_expensive,762590,0.5844861047538452,4675,6,log_reg,"{'C': 11.446399888753259, 'max_iter': 340, 'solver': 'lbfgs', 'multi_class': 'auto'}",0.01771831512451172,0.9903548747231832,4.517983266554142e-07
363,diamonds_expensive,240226,0.7158553554874325,5726,6,log_reg,"{'C': 0.669589720935936, 'max_iter': 620, 'solver': 'lbfgs', 'multi_class': 'auto'}",0.024872303009033203,0.9942253044964046,7.010430689394208e-07
364,diamonds_expensive,257808,0.6687690992768438,5350,6,log_reg,"{'C': 0.14364170266193352, 'max_iter': 383, 'solver': 'lbfgs', 'multi_class': 'auto'}",0.01306772232055664,0.992285789151891,3.59130672456412e-07
365,diamonds_expensive,218856,0.852844813402265,6822,6,log_reg,"{'C': 0.43644503055666034, 'max_iter': 372, 'solver': 'lbfgs', 'multi_class': 'auto'}",0.02519845962524414,0.9926085108392764,2.9270849467912886e-07
366,diamonds_expensive,167699,0.2060056262399999,1648,6,log_reg,"{'C': 27.687240757387485, 'max_iter': 543, 'solver': 'lbfgs', 'multi_class': 'auto'}",0.01971721649169922,0.9933516988062443,3.839867663914468e-07
367,diamonds_expensive,797510,0.8713390929874596,6970,6,log_reg,"{'C': 0.2210649417384429, 'max_iter': 473, 'solver': 'lbfgs', 'multi_class': 'auto'}",0.011819601058959961,0.9907000487846047,3.08885966351534e-07
368,diamonds_expensive,774335,0.29256333384754357,2340,6,log_reg,"{'C': 0.03575331213930522, 'max_iter': 620, 'solver': 'lbfgs', 'multi_class': 'auto'}",0.0064258575439453125,0.988366571699905,1.6288789020425177e-07
369,diamonds_expensive,998609,0.35407265858472786,2832,6,log_reg,"{'C': 0.3632874211308056, 'max_iter': 470, 'solver': 'lbfgs', 'multi_class': 'auto'}",0.05650067329406738,0.9923605235654208,1.37303026984076e-06
370,diamonds_expensive,422800,0.6957348207758891,5565,6,log_reg,"{'C': 0.0412908982128106, 'max_iter': 215, 'solver': 'lbfgs', 'multi_class': 'auto'}",0.016411542892456055,0.9905615902251269,4.5426705298872356e-07
371,diamonds_expensive,980821,0.25571250927311573,2045,6,log_reg,"{'C': 53.90178279386181, 'max_iter': 374, 'solver': 'lbfgs', 'multi_class': 'auto'}",0.020753145217895508,0.9889765662362506,5.304609510162825e-07
372,diamonds_expensive,790737,0.4165057218166884,3332,6,log_reg,"{'C': 0.03564429828825703, 'max_iter': 553, 'solver': 'lbfgs', 'multi_class': 'auto'}",0.018842458724975586,0.9908741076405747,4.5668937147893206e-07
373,diamonds_expensive,663453,0.2894758419045418,2315,6,log_reg,"{'C': 34.62551471764268, 'max_iter': 334, 'solver': 'lbfgs', 'multi_class': 'auto'}",0.01600956916809082,0.9946074040901627,4.22080459829988e-07
374,diamonds_expensive,176356,0.538796315743723,4310,6,log_reg,"{'C': 21.385388272174083, 'max_iter': 545, 'solver': 'lbfgs', 'multi_class': 'auto'}",0.021956682205200195,0.9937715666905325,4.725394475295216e-07
375,diamonds_expensive,500766,0.7489303324921204,5991,6,log_reg,"{'C': 1.6171105640910517, 'max_iter': 346, 'solver': 'lbfgs', 'multi_class': 'auto'}",0.021297454833984375,0.9921313299944352,5.776930486115303e-07
376,diamonds_expensive,992042,0.9995375273793503,7996,6,log_reg,"{'C': 4.080815306313525, 'max_iter': 200, 'solver': 'lbfgs', 'multi_class': 'auto'}",0.06426358222961426,0.9922234375,1.4963815784340644e-06
377,diamonds_expensive,95199,0.7822746391749746,6258,6,log_reg,"{'C': 1.163690825962713, 'max_iter': 263, 'solver': 'lbfgs', 'multi_class': 'auto'}",0.06992506980895996,0.9911808837489411,1.6524808279108042e-06
378,diamonds_expensive,318326,0.5689671086700591,4551,6,log_reg,"{'C': 80.65964622793894, 'max_iter': 392, 'solver': 'lbfgs', 'multi_class': 'auto'}",0.09874820709228516,0.9910401002506266,2.356442181235472e-06
379,diamonds_expensive,51419,0.7378115449787559,5902,6,log_reg,"{'C': 0.5001585522752805, 'max_iter': 326, 'solver': 'lbfgs', 'multi_class': 'auto'}",0.009067773818969727,0.992836043477014,2.3537757568162925e-07
380,diamonds_expensive,787463,0.865696060225589,6925,6,log_reg,"{'C': 0.25903042629031814, 'max_iter': 394, 'solver': 'lbfgs', 'multi_class': 'auto'}",0.018232345581054688,0.9930967394840227,4.608173253363406e-07
381,diamonds_expensive,416665,0.45723654579271966,3657,6,log_reg,"{'C': 19.27183844757198, 'max_iter': 762, 'solver': 'lbfgs', 'multi_class': 'auto'}",0.03680920600891113,0.9899817850637522,6.151388282194322e-07
382,diamonds_expensive,801389,0.593005957113093,4744,6,log_reg,"{'C': 9.891977472923562, 'max_iter': 629, 'solver': 'lbfgs', 'multi_class': 'auto'}",0.030149221420288086,0.9917832556073729,7.262054501438519e-07
383,diamonds_expensive,143908,0.9032550237271681,7226,6,log_reg,"{'C': 37.335681078245386, 'max_iter': 360, 'solver': 'lbfgs', 'multi_class': 'auto'}",0.030180931091308594,0.992762980435369,5.310722019070452e-07
384,diamonds_expensive,153525,0.6270720106191683,5016,6,log_reg,"{'C': 0.024231535308954274, 'max_iter': 395, 'solver': 'lbfgs', 'multi_class': 'auto'}",0.01102757453918457,0.9912699798415898,3.795862443837312e-07
385,diamonds_expensive,52807,0.20041499533256443,1603,6,log_reg,"{'C': 0.018624041072849484, 'max_iter': 506, 'solver': 'lbfgs', 'multi_class': 'auto'}",0.004935741424560547,0.9932841614906832,1.683758820091489e-07
386,diamonds_expensive,774623,0.22787068022393253,1822,6,log_reg,"{'C': 0.5562456641935859, 'max_iter': 711, 'solver': 'lbfgs', 'multi_class': 'auto'}",0.007058620452880859,0.9893712844532516,2.619095556101785e-07
387,diamonds_expensive,823127,0.3344006788622969,2675,6,log_reg,"{'C': 4.0647180482615335, 'max_iter': 648, 'solver': 'lbfgs', 'multi_class': 'auto'}",0.02025008201599121,0.9861367320699872,3.8276988834812694e-07
388,diamonds_expensive,860800,0.8584996879600759,6867,6,log_reg,"{'C': 0.03867719225935371, 'max_iter': 239, 'solver': 'lbfgs', 'multi_class': 'auto'}",0.017992019653320312,0.9928639380976293,2.0765004781892447e-07
389,diamonds_expensive,819199,0.2742048619395958,2193,6,log_reg,"{'C': 1.4314199476380498, 'max_iter': 473, 'solver': 'lbfgs', 'multi_class': 'auto'}",0.009517669677734375,0.9945205479452054,2.0818569203184643e-07
390,diamonds_expensive,737797,0.4059615674591707,3247,6,log_reg,"{'C': 0.37837816940408026, 'max_iter': 527, 'solver': 'lbfgs', 'multi_class': 'auto'}",0.0,0.9910343195266272,1.6170852190762142e-07
391,diamonds_expensive,504178,0.8002127903585865,6401,6,log_reg,"{'C': 10.216818016569881, 'max_iter': 321, 'solver': 'lbfgs', 'multi_class': 'auto'}",0.014285802841186523,0.9939474453978159,3.679403556736765e-07
392,diamonds_expensive,367904,0.3753513731829059,3002,6,log_reg,"{'C': 0.7223015576632114, 'max_iter': 385, 'solver': 'lbfgs', 'multi_class': 'auto'}",0.006006956100463867,0.9932447397563676,1.62942426095608e-07
393,diamonds_expensive,751490,0.29512827842716843,2361,6,log_reg,"{'C': 0.06815808279370109, 'max_iter': 589, 'solver': 'lbfgs', 'multi_class': 'auto'}",0.01566147804260254,0.9927948222842022,3.8355636715903274e-07
394,diamonds_expensive,176291,0.34027720916313753,2722,6,log_reg,"{'C': 0.022076458256620638, 'max_iter': 402, 'solver': 'lbfgs', 'multi_class': 'auto'}",0.019049644470214844,0.9950845722904547,2.8328895616164275e-07
395,diamonds_expensive,398506,0.9923107658883861,7938,6,log_reg,"{'C': 19.607873266176675, 'max_iter': 236, 'solver': 'lbfgs', 'multi_class': 'auto'}",0.020310163497924805,0.9917882227537768,3.192994965994529e-07
396,diamonds_expensive,653539,0.5589836057610005,4471,6,log_reg,"{'C': 0.03538710471231541, 'max_iter': 793, 'solver': 'lbfgs', 'multi_class': 'auto'}",0.01121377944946289,0.9877556727388943,1.726679201463868e-07
397,diamonds_expensive,875084,0.9804765166627198,7843,6,log_reg,"{'C': 0.37296897480219793, 'max_iter': 310, 'solver': 'lbfgs', 'multi_class': 'auto'}",0.01950812339782715,0.9916807487326141,2.800578742127272e-07
398,diamonds_expensive,192300,0.37663833696714727,3013,6,log_reg,"{'C': 31.005292665295904, 'max_iter': 473, 'solver': 'lbfgs', 'multi_class': 'auto'}",0.016612768173217773,0.9941805460825945,4.0197938498136315e-07
399,diamonds_expensive,289083,0.7877801046244639,6302,6,log_reg,"{'C': 4.210130099202393, 'max_iter': 768, 'solver': 'lbfgs', 'multi_class': 'auto'}",0.013629436492919922,0.9922571881367444,2.827337833990572e-07
400,diamonds_expensive,550908,0.8628375398710286,6902,6,log_reg,"{'C': 1.8436675135377614, 'max_iter': 648, 'solver': 'lbfgs', 'multi_class': 'auto'}",0.01620650291442871,0.9926005159504184,3.1436902956996736e-07
401,diamonds_expensive,464141,0.23956730971681256,1916,6,random_forest,"{'n_estimators': 198, 'max_depth': 15, 'n_jobs': -1}",0.26024436950683594,0.985595703125,5.8447877152330035e-06
402,diamonds_expensive,601558,0.5889536604978205,4711,6,random_forest,"{'n_estimators': 32, 'max_depth': 19, 'n_jobs': -1}",0.08433818817138672,0.9877289575011696,1.6084030651661823e-06
403,diamonds_expensive,288393,0.8063282549862885,6450,6,random_forest,"{'n_estimators': 317, 'max_depth': 7, 'n_jobs': -1}",0.46656346321105957,0.9917721290787813,1.046765797528757e-05
404,diamonds_expensive,826611,0.6489784543120354,5191,6,random_forest,"{'n_estimators': 221, 'max_depth': 4, 'n_jobs': -1}",0.36661767959594727,0.993900993033941,8.235329676443102e-06
405,diamonds_expensive,754596,0.6175347766154028,4940,6,random_forest,"{'n_estimators': 95, 'max_depth': 9, 'n_jobs': -1}",0.1664893627166748,0.9922962185906998,3.5184425732198743e-06
406,diamonds_expensive,314749,0.6512761096377784,5210,6,random_forest,"{'n_estimators': 150, 'max_depth': 5, 'n_jobs': -1}",0.5140063762664795,0.9952291658224071,1.129935243902686e-05
407,diamonds_expensive,844287,0.2008539720181978,1606,6,random_forest,"{'n_estimators': 327, 'max_depth': 15, 'n_jobs': -1}",0.5423014163970947,0.9890436325759038,1.2157951693198846e-05
408,diamonds_expensive,212277,0.915609198175025,7324,6,random_forest,"{'n_estimators': 51, 'max_depth': 3, 'n_jobs': -1}",0.09266376495361328,0.9929615920798573,2.1235735997654623e-06
409,diamonds_expensive,778163,0.912211169458895,7297,6,random_forest,"{'n_estimators': 392, 'max_depth': 14, 'n_jobs': -1}",0.6532621383666992,0.991666353912554,1.464274960079428e-05
410,diamonds_expensive,469955,0.5808734053429285,4646,6,random_forest,"{'n_estimators': 102, 'max_depth': 4, 'n_jobs': -1}",0.1646871566772461,0.9932084634061741,3.624287555429814e-06
411,diamonds_expensive,474664,0.37214261970297485,2977,6,random_forest,"{'n_estimators': 424, 'max_depth': 19, 'n_jobs': -1}",0.5601046085357666,0.988125534885816,1.2595706157991332e-05
412,diamonds_expensive,585771,0.3563892076656033,2851,6,random_forest,"{'n_estimators': 48, 'max_depth': 11, 'n_jobs': -1}",0.08489823341369629,0.98145012881855,1.971164660253576e-06
413,diamonds_expensive,26983,0.2793255764790515,2234,6,random_forest,"{'n_estimators': 164, 'max_depth': 15, 'n_jobs': -1}",0.22290587425231934,0.9924427450352338,5.052611851543745e-06
414,diamonds_expensive,206985,0.5381872274176498,4305,6,random_forest,"{'n_estimators': 122, 'max_depth': 10, 'n_jobs': -1}",0.22114872932434082,0.9943317325851184,4.957493452272674e-06
415,diamonds_expensive,77794,0.8882255089751527,7105,6,random_forest,"{'n_estimators': 270, 'max_depth': 6, 'n_jobs': -1}",0.4239797592163086,0.9921376359422357,9.460030014720404e-06
416,diamonds_expensive,320397,0.4886069492146029,3908,6,random_forest,"{'n_estimators': 84, 'max_depth': 6, 'n_jobs': -1}",0.1315138339996338,0.9948522053100124,2.9254428537216178e-06
417,diamonds_expensive,525155,0.41184574185726375,3294,6,random_forest,"{'n_estimators': 137, 'max_depth': 3, 'n_jobs': -1}",0.2213602066040039,0.9928525375333886,4.90991608820183e-06
418,diamonds_expensive,610485,0.36431223813792535,2914,6,random_forest,"{'n_estimators': 191, 'max_depth': 19, 'n_jobs': -1}",0.2590951919555664,0.9884550204773337,5.85975709789956e-06
419,diamonds_expensive,32318,0.27986484574143217,2238,6,random_forest,"{'n_estimators': 405, 'max_depth': 18, 'n_jobs': -1}",0.49298715591430664,0.9899254623724489,1.1015831588027054e-05
420,diamonds_expensive,107402,0.2922611504887904,2338,6,random_forest,"{'n_estimators': 467, 'max_depth': 16, 'n_jobs': -1}",0.5656898021697998,0.9917543282927898,1.2746009398798191e-05
421,diamonds_expensive,407324,0.8819058543442131,7055,6,random_forest,"{'n_estimators': 241, 'max_depth': 14, 'n_jobs': -1}",0.3693208694458008,0.9912653446647781,8.269626196518741e-06
422,diamonds_expensive,754271,0.8558470865904193,6846,6,random_forest,"{'n_estimators': 78, 'max_depth': 20, 'n_jobs': -1}",0.15230107307434082,0.9856561351164155,3.1712934974628286e-06
423,diamonds_expensive,143238,0.23534008235532902,1882,6,random_forest,"{'n_estimators': 352, 'max_depth': 12, 'n_jobs': -1}",0.47036123275756836,0.9925419340312956,1.0514891874485128e-05
424,diamonds_expensive,401264,0.459149335150109,3673,6,random_forest,"{'n_estimators': 499, 'max_depth': 6, 'n_jobs': -1}",0.6242613792419434,0.9923291079256013,1.4057337023731688e-05
425,diamonds_expensive,86375,0.8449527723557801,6759,6,random_forest,"{'n_estimators': 245, 'max_depth': 20, 'n_jobs': -1}",0.384937047958374,0.9901439025244214,8.509844068463748e-06
426,diamonds_expensive,170341,0.9829073151203511,7863,6,random_forest,"{'n_estimators': 297, 'max_depth': 19, 'n_jobs': -1}",0.4788498878479004,0.9864957273247523,1.0610184762537137e-05
427,diamonds_expensive,530841,0.9767077828365902,7813,6,random_forest,"{'n_estimators': 176, 'max_depth': 11, 'n_jobs': -1}",0.28755950927734375,0.9916879795396418,6.506767551494672e-06
428,diamonds_expensive,380732,0.5180200196439944,4144,6,random_forest,"{'n_estimators': 257, 'max_depth': 20, 'n_jobs': -1}",0.3674135208129883,0.9913072580175775,8.223462043167724e-06
429,diamonds_expensive,470169,0.45686850112948396,3654,6,random_forest,"{'n_estimators': 402, 'max_depth': 13, 'n_jobs': -1}",0.620093822479248,0.9930683434388801,1.3959139862210927e-05
430,diamonds_expensive,193208,0.2826267832856397,2261,6,random_forest,"{'n_estimators': 81, 'max_depth': 6, 'n_jobs': -1}",0.1497793197631836,0.9912771431912986,3.108221730694065e-06
431,diamonds_expensive,31052,0.486938233222329,3895,6,random_forest,"{'n_estimators': 404, 'max_depth': 18, 'n_jobs': -1}",0.5583243370056152,0.9903961505503922,1.246088852523678e-05
432,diamonds_expensive,408669,0.5452152029498838,4361,6,random_forest,"{'n_estimators': 303, 'max_depth': 15, 'n_jobs': -1}",0.7265686988830566,0.9904163080217496,1.6209536827182408e-05
433,diamonds_expensive,379046,0.9462236957255861,7569,6,random_forest,"{'n_estimators': 405, 'max_depth': 14, 'n_jobs': -1}",1.1966710090637207,0.9898263499281912,2.689636078036371e-05
434,diamonds_expensive,391491,0.4634099676782157,3707,6,random_forest,"{'n_estimators': 465, 'max_depth': 16, 'n_jobs': -1}",1.5245754718780518,0.9912816675263911,3.478620424838119e-05
435,diamonds_expensive,969303,0.5694543291597987,4555,6,random_forest,"{'n_estimators': 150, 'max_depth': 11, 'n_jobs': -1}",0.48206448554992676,0.9934644303065355,1.0879204103824721e-05
436,diamonds_expensive,658753,0.643519218703811,5148,6,random_forest,"{'n_estimators': 293, 'max_depth': 8, 'n_jobs': -1}",0.9782929420471191,0.9941785276651899,2.1973434022050506e-05
437,diamonds_expensive,970235,0.5028742300477848,4022,6,random_forest,"{'n_estimators': 197, 'max_depth': 8, 'n_jobs': -1}",0.6683385372161865,0.9953581966100021,1.5062569104863569e-05
438,diamonds_expensive,94639,0.3328501059311785,2662,6,random_forest,"{'n_estimators': 186, 'max_depth': 12, 'n_jobs': -1}",0.652968168258667,0.9917279152938526,1.4543614598619813e-05
439,diamonds_expensive,968480,0.37163117804811496,2973,6,random_forest,"{'n_estimators': 260, 'max_depth': 16, 'n_jobs': -1}",0.8335986137390137,0.990028924592683,1.857734659483196e-05
440,diamonds_expensive,562672,0.8044316339787418,6435,6,random_forest,"{'n_estimators': 207, 'max_depth': 17, 'n_jobs': -1}",0.7798655033111572,0.9916105599721801,1.7542885479822718e-05
441,diamonds_expensive,970659,0.6779156232590726,5423,6,mlp,"{'hidden_layer_sizes': (59, 110), 'max_iter': 174, 'activation': 'relu', 'solver': 'adam'}",4.19484806060791,0.994096280741813,9.414335781983977e-05
442,diamonds_expensive,656572,0.513987787411955,4111,6,mlp,"{'hidden_layer_sizes': (29, 137, 199), 'max_iter': 57, 'activation': 'relu', 'solver': 'adam'}",2.663696765899658,0.9936810526067135,5.979881633988149e-05
443,diamonds_expensive,978894,0.2308335994587486,1846,6,mlp,"{'hidden_layer_sizes': (29, 186, 185), 'max_iter': 137, 'activation': 'relu', 'solver': 'adam'}",3.4742610454559326,0.9869101533966399,7.829990192573156e-05
444,diamonds_expensive,913428,0.2212259497648595,1769,6,mlp,"{'hidden_layer_sizes': (188,), 'max_iter': 152, 'activation': 'relu', 'solver': 'adam'}",0.6827890872955322,0.9917009799227554,1.5517274501049177e-05
445,diamonds_expensive,852145,0.5971339859514466,4777,6,mlp,"{'hidden_layer_sizes': (74, 152), 'max_iter': 72, 'activation': 'relu', 'solver': 'adam'}",2.0346100330352783,0.9939470597503546,4.573794444655383e-05
446,diamonds_expensive,5473,0.8293197699948796,6634,6,mlp,"{'hidden_layer_sizes': (98,), 'max_iter': 118, 'activation': 'relu', 'solver': 'adam'}",1.3139984607696533,0.9920201166657581,2.9256039706521836e-05
447,diamonds_expensive,373060,0.6520623285045645,5216,6,mlp,"{'hidden_layer_sizes': (73, 178, 177), 'max_iter': 199, 'activation': 'relu', 'solver': 'adam'}",9.95874547958374,0.9910123163194904,0.00022322291077616596
448,diamonds_expensive,160588,0.8199263227050624,6559,6,mlp,"{'hidden_layer_sizes': (61,), 'max_iter': 151, 'activation': 'relu', 'solver': 'adam'}",0.7691948413848877,0.9905562165377753,1.7034854516813022e-05
449,diamonds_expensive,536487,0.9723327627853884,7778,6,mlp,"{'hidden_layer_sizes': (104,), 'max_iter': 82, 'activation': 'relu', 'solver': 'adam'}",0.8159782886505127,0.9887094322665063,1.8366084821944793e-05
450,diamonds_expensive,855642,0.35008743421202687,2800,6,mlp,"{'hidden_layer_sizes': (194,), 'max_iter': 169, 'activation': 'relu', 'solver': 'adam'}",0.604292631149292,0.9956377551020408,1.3909469263855118e-05
451,diamonds_expensive,374463,0.280884932748468,2247,6,mlp,"{'hidden_layer_sizes': (123, 193, 177), 'max_iter': 137, 'activation': 'relu', 'solver': 'adam'}",2.3147411346435547,0.9883654320987655,5.211467777478762e-05
452,diamonds_expensive,244453,0.9857154370542756,7885,6,mlp,"{'hidden_layer_sizes': (164, 106), 'max_iter': 122, 'activation': 'relu', 'solver': 'adam'}",4.296276807785034,0.9923439681406137,9.660712880199471e-05
453,diamonds_expensive,424979,0.49598749427775823,3967,6,mlp,"{'hidden_layer_sizes': (149, 125), 'max_iter': 187, 'activation': 'relu', 'solver': 'adam'}",1.3561298847198486,0.9942960110145994,3.0354085506941484e-05
454,diamonds_expensive,118399,0.8358004467340574,6686,6,mlp,"{'hidden_layer_sizes': (89,), 'max_iter': 69, 'activation': 'relu', 'solver': 'adam'}",0.7316379547119141,0.9921708996092153,1.665163459113156e-05
455,diamonds_expensive,284397,0.4430372947279553,3544,6,mlp,"{'hidden_layer_sizes': (170,), 'max_iter': 60, 'activation': 'relu', 'solver': 'adam'}",0.48473453521728516,0.9923848173788493,1.062017605878154e-05
456,diamonds_expensive,520457,0.5709405717452009,4567,6,mlp,"{'hidden_layer_sizes': (176, 22, 14), 'max_iter': 191, 'activation': 'relu', 'solver': 'adam'}",2.8517777919769287,0.9920851907358905,6.405867189307006e-05
457,diamonds_expensive,626638,0.5013872062999012,4011,6,mlp,"{'hidden_layer_sizes': (141, 120), 'max_iter': 74, 'activation': 'relu', 'solver': 'adam'}",1.4031257629394531,0.9940447388990211,3.1236074285439064e-05
458,diamonds_expensive,581211,0.6178007151858977,4942,6,mlp,"{'hidden_layer_sizes': (160, 128, 36), 'max_iter': 56, 'activation': 'relu', 'solver': 'adam'}",1.5010218620300293,0.9904919641761747,3.3820572662942814e-05
459,diamonds_expensive,139623,0.35077944240984116,2806,6,mlp,"{'hidden_layer_sizes': (187, 50), 'max_iter': 117, 'activation': 'relu', 'solver': 'adam'}",1.1784217357635498,0.9924266409999873,2.6499326975433662e-05
460,diamonds_expensive,512051,0.5239952491966539,4191,6,mlp,"{'hidden_layer_sizes': (75, 45), 'max_iter': 64, 'activation': 'relu', 'solver': 'adam'}",0.6671633720397949,0.988078190703489,1.497278516878143e-05
461,diamonds_expensive,245167,0.7213355743479952,5770,6,mlp,"{'hidden_layer_sizes': (52, 164, 89), 'max_iter': 197, 'activation': 'relu', 'solver': 'adam'}",5.01528000831604,0.9905505378023542,0.00011281123055450355
462,diamonds_expensive,884169,0.5432208970859302,4345,6,mlp,"{'hidden_layer_sizes': (199,), 'max_iter': 181, 'activation': 'relu', 'solver': 'adam'}",1.6334972381591797,0.9911594893797341,3.6658351986746885e-05
463,diamonds_expensive,35898,0.6276806010314202,5021,6,mlp,"{'hidden_layer_sizes': (35, 92), 'max_iter': 105, 'activation': 'relu', 'solver': 'adam'}",1.260143756866455,0.9929506625585134,2.8298732795928724e-05
464,diamonds_expensive,660711,0.7646376029035906,6117,6,mlp,"{'hidden_layer_sizes': (199, 101), 'max_iter': 194, 'activation': 'relu', 'solver': 'adam'}",4.216779470443726,0.9924134414114228,9.457908395886759e-05
465,diamonds_expensive,522084,0.23609179656742285,1888,6,mlp,"{'hidden_layer_sizes': (114,), 'max_iter': 95, 'activation': 'relu', 'solver': 'adam'}",0.3523557186126709,0.99039780521262,7.87021177218541e-06
466,diamonds_expensive,911606,0.24785946985383936,1982,6,mlp,"{'hidden_layer_sizes': (69, 188, 155), 'max_iter': 176, 'activation': 'relu', 'solver': 'adam'}",2.844085693359375,0.9923354144459673,6.38789551956519e-05
467,diamonds_expensive,936947,0.6279185223806965,5023,6,mlp,"{'hidden_layer_sizes': (10,), 'max_iter': 176, 'activation': 'relu', 'solver': 'adam'}",0.4741787910461426,0.9933348118460551,1.0761137025209183e-05
468,diamonds_expensive,871238,0.5177866411782592,4142,6,mlp,"{'hidden_layer_sizes': (23,), 'max_iter': 188, 'activation': 'relu', 'solver': 'adam'}",0.5605545043945312,0.992381118677609,1.2281194040267059e-05
469,diamonds_expensive,63117,0.9750018570892791,7800,6,mlp,"{'hidden_layer_sizes': (161, 94), 'max_iter': 199, 'activation': 'relu', 'solver': 'adam'}",3.953658103942871,0.9915910585141354,8.855349428152893e-05
470,diamonds_expensive,189363,0.42883784147231624,3430,6,mlp,"{'hidden_layer_sizes': (69,), 'max_iter': 169, 'activation': 'relu', 'solver': 'adam'}",0.309206485748291,0.9928771175275608,7.016951797305067e-06
471,diamonds_expensive,94286,0.8938424324009451,7150,6,mlp,"{'hidden_layer_sizes': (194,), 'max_iter': 80, 'activation': 'relu', 'solver': 'adam'}",1.445751428604126,0.9922167343146364,3.244464874732529e-05
472,diamonds_expensive,830019,0.9807180322943172,7845,6,mlp,"{'hidden_layer_sizes': (145,), 'max_iter': 131, 'activation': 'relu', 'solver': 'adam'}",1.3712365627288818,0.9907594566489015,3.080591325254019e-05
473,diamonds_expensive,626362,0.8366308521335761,6693,6,mlp,"{'hidden_layer_sizes': (170, 79), 'max_iter': 192, 'activation': 'relu', 'solver': 'adam'}",3.0658998489379883,0.9908796823059589,6.868559762628231e-05
474,diamonds_expensive,388060,0.919137261056411,7353,6,mlp,"{'hidden_layer_sizes': (67,), 'max_iter': 132, 'activation': 'relu', 'solver': 'adam'}",1.0384738445281982,0.9940716503992901,2.3531742417251688e-05
475,diamonds_expensive,704838,0.5863507115774271,4690,6,mlp,"{'hidden_layer_sizes': (51, 195), 'max_iter': 116, 'activation': 'relu', 'solver': 'adam'}",2.029641628265381,0.9910802369510959,4.5874072764371895e-05
476,diamonds_expensive,279923,0.5132054733475451,4105,6,mlp,"{'hidden_layer_sizes': (97, 174), 'max_iter': 108, 'activation': 'relu', 'solver': 'adam'}",2.0298850536346436,0.9917274939172749,4.53629064063356e-05
477,diamonds_expensive,77436,0.8238958750978493,6591,6,mlp,"{'hidden_layer_sizes': (31, 27), 'max_iter': 159, 'activation': 'relu', 'solver': 'adam'}",0.7991695404052734,0.9901664597415736,1.794219667895995e-05
478,diamonds_expensive,612221,0.22814078574753582,1825,6,mlp,"{'hidden_layer_sizes': (95, 46, 187), 'max_iter': 176, 'activation': 'relu', 'solver': 'adam'}",1.7422857284545898,0.9912628355251306,3.943160054984123e-05
479,diamonds_expensive,205819,0.9805888195117285,7844,6,mlp,"{'hidden_layer_sizes': (40,), 'max_iter': 179, 'activation': 'relu', 'solver': 'adam'}",0.5954008102416992,0.9888616274535292,1.370502084299564e-05
480,diamonds_expensive,936176,0.9817541839314858,7854,6,mlp,"{'hidden_layer_sizes': (51, 83, 108), 'max_iter': 150, 'activation': 'relu', 'solver': 'adam'}",4.103796720504761,0.9908802126383689,9.211079238941721e-05
